item_id,order_id,product_id,quantity
1,1,93,10
2,1,37,1
3,1,85,5
4,1,27,9
5,1,78,9
6,2,96,7
7,2,38,1
8,3,64,7
9,3,15,4
10,4,82,10
11,4,10,9
12,4,2,6
13,4,41,3
14,5,73,7
15,5,47,9
16,5,88,3
17,5,98,8
18,6,3,10
19,7,2,5
20,8,6,1
21,8,51,9
22,9,81,9
23,9,99,7
24,9,55,7
25,10,82,9
26,11,79,3
27,11,36,2
28,11,40,2
29,11,66,4
30,11,20,9
31,12,51,10
32,12,82,2
33,12,40,7
34,13,8,4
35,13,12,7
36,14,59,10
37,15,8,5
38,15,86,3
39,15,16,1
40,15,91,3
41,15,90,1
42,16,64,6
43,16,67,9
44,17,22,6
45,17,17,5
46,17,94,2
47,18,43,7
48,19,68,2
49,19,34,10
50,19,81,2
51,20,59,9
52,20,47,1
53,20,64,10
54,20,22,6
55,21,33,2
56,21,74,2
57,22,95,9
58,22,1,1
59,23,32,1
60,24,47,7
61,24,20,3
62,24,5,9
63,24,92,7
64,25,42,4
65,25,54,6
66,26,10,10
67,26,48,2
68,26,65,1
69,27,29,9
70,27,6,7
71,28,60,5
72,29,42,2
73,29,71,8
74,29,2,6
75,30,38,10
76,30,39,10
77,31,60,6
78,31,76,8
79,32,94,9
80,32,98,4
81,33,1,7
82,33,4,4
83,34,45,1
84,34,43,1
85,34,98,7
86,34,95,5
87,34,14,4
88,35,31,7
89,35,63,1
90,35,19,5
91,35,12,1
92,35,30,9
93,36,90,6
94,36,59,2
95,36,75,2
96,36,65,3
97,37,10,10
98,37,73,1
99,37,56,3
100,37,31,5
101,38,41,7
102,38,90,6
103,38,41,8
104,39,30,2
105,39,26,3
106,39,100,10
107,40,20,2
108,41,58,8
109,41,41,7
110,42,69,6
111,43,58,5
112,43,60,5
113,44,12,3
114,45,91,10
115,45,6,4
116,45,42,3
117,46,92,4
118,47,51,9
119,47,7,5
120,47,34,3
121,48,52,8
122,49,96,9
123,49,32,2
124,49,60,2
125,49,18,2
126,49,2,1
127,50,17,4
128,50,52,6
129,51,75,10
130,52,10,1
131,52,9,4
132,52,83,8
133,53,12,6
134,53,16,1
135,54,7,3
136,54,74,7
137,54,93,7
138,54,64,1
139,55,88,7
140,55,23,6
141,55,28,3
142,55,36,5
143,56,20,1
144,56,79,10
145,56,79,4
146,56,83,5
147,57,53,9
148,57,62,1
149,57,12,5
150,57,50,3
151,58,26,9
152,58,32,9
153,58,3,7
154,58,92,6
155,59,70,8
156,59,45,10
157,59,65,6
158,59,50,5
159,60,4,6
160,60,77,4
161,61,100,5
162,62,61,9
163,63,99,10
164,63,30,3
165,63,13,4
166,64,35,9
167,64,95,1
168,65,74,7
169,65,46,3
170,66,31,10
171,66,41,6
172,67,4,6
173,67,73,10
174,67,19,10
175,67,25,8
176,67,70,5
177,68,63,1
178,68,12,1
179,69,78,4
180,69,3,9
181,70,1,6
182,70,79,4
183,70,17,6
184,70,92,3
185,71,8,1
186,71,19,10
187,71,91,3
188,72,68,6
189,73,48,7
190,74,13,6
191,74,39,6
192,74,18,3
193,74,94,7
194,74,82,8
195,75,23,9
196,75,89,10
197,75,46,4
198,76,23,7
199,76,40,5
200,76,17,3
201,76,94,1
202,76,90,10
203,77,99,10
204,77,5,3
205,77,78,6
206,77,79,4
207,78,14,8
208,78,19,6
209,78,96,2
210,78,31,6
211,78,41,3
212,79,91,6
213,80,2,5
214,80,27,4
215,80,89,2
216,80,45,5
217,81,93,1
218,82,50,8
219,83,22,7
220,83,64,7
221,83,45,9
222,83,49,2
223,84,74,4
224,84,21,8
225,84,10,1
226,84,38,1
227,85,34,2
228,85,10,6
229,85,22,7
230,86,94,2
231,86,71,2
232,87,77,10
233,87,62,1
234,87,56,3
235,88,56,3
236,88,7,2
237,88,43,4
238,88,25,7
239,88,90,9
240,89,34,5
241,89,39,4
242,89,13,1
243,89,51,10
244,89,71,8
245,90,7,6
246,90,1,7
247,91,38,10
248,92,26,2
249,92,4,4
250,92,22,5
251,92,11,8
252,93,40,7
253,94,63,5
254,94,12,9
255,94,50,3
256,94,48,7
257,95,24,8
258,95,6,5
259,95,57,8
260,96,29,5
261,96,73,1
262,96,20,2
263,97,86,6
264,98,53,10
265,98,30,9
266,98,8,7
267,98,67,7
268,98,69,8
269,99,31,8
270,99,39,2
271,99,51,1
272,99,65,10
273,99,67,10
274,100,19,2
275,100,97,8
276,100,23,3
277,100,28,4
278,100,17,1
279,101,11,7
280,101,26,3
281,101,77,5
282,101,41,2
283,102,50,9
284,103,71,6
285,103,36,9
286,103,59,1
287,103,90,10
288,104,67,7
289,104,15,7
290,104,20,3
291,104,73,10
292,104,75,2
293,105,73,2
294,106,69,6
295,106,53,5
296,106,50,8
297,107,78,8
298,107,5,3
299,107,36,7
300,107,19,10
301,107,78,7
302,108,51,6
303,109,7,8
304,109,35,6
305,110,44,5
306,111,36,8
307,111,90,2
308,111,30,3
309,112,96,8
310,112,100,6
311,112,35,7
312,113,83,2
313,113,25,8
314,113,28,7
315,113,95,8
316,113,98,9
317,114,8,9
318,114,21,2
319,114,40,9
320,115,18,9
321,115,73,1
322,115,23,4
323,115,26,1
324,116,5,8
325,116,7,6
326,117,36,6
327,117,60,9
328,118,82,2
329,118,88,1
330,118,31,6
331,118,63,10
332,119,23,8
333,119,76,9
334,119,45,6
335,119,21,5
336,120,37,1
337,121,7,3
338,121,74,4
339,121,29,4
340,121,87,4
341,122,84,7
342,122,66,1
343,122,100,1
344,123,17,3
345,123,77,1
346,123,29,5
347,123,78,5
348,124,55,7
349,124,45,8
350,124,33,4
351,125,39,9
352,125,80,7
353,125,75,2
354,125,1,9
355,126,72,10
356,126,78,5
357,126,39,2
358,127,9,6
359,127,36,6
360,127,36,5
361,127,84,5
362,128,20,9
363,128,98,4
364,129,77,7
365,130,88,3
366,130,93,1
367,130,84,8
368,131,34,7
369,131,52,7
370,131,95,1
371,132,91,10
372,132,25,6
373,132,93,4
374,132,88,9
375,132,82,8
376,133,65,5
377,133,22,9
378,133,24,5
379,134,61,3
380,135,93,9
381,135,98,3
382,135,88,6
383,136,29,6
384,137,96,5
385,137,54,6
386,138,34,10
387,138,38,8
388,138,16,8
389,139,82,10
390,140,80,2
391,140,61,4
392,140,65,2
393,140,88,7
394,140,68,5
395,141,7,3
396,141,18,4
397,141,44,7
398,141,73,8
399,142,41,3
400,142,100,2
401,143,43,3
402,143,41,1
403,143,1,8
404,143,36,4
405,144,74,3
406,144,63,2
407,145,79,7
408,145,82,7
409,146,55,8
410,146,50,1
411,146,5,9
412,146,26,6
413,147,42,9
414,148,3,1
415,148,81,4
416,149,89,6
417,149,40,3
418,150,50,9
419,151,40,3
420,151,9,1
421,151,39,5
422,151,59,9
423,151,77,9
424,152,56,3
425,152,44,8
426,152,46,4
427,153,52,1
428,153,30,4
429,154,28,1
430,154,76,9
431,155,16,6
432,155,92,1
433,156,82,5
434,156,99,9
435,156,80,1
436,156,77,1
437,157,84,1
438,158,89,2
439,159,57,7
440,159,16,9
441,159,33,8
442,159,90,3
443,160,89,1
444,160,39,7
445,161,85,9
446,162,80,10
447,162,90,3
448,162,54,2
449,163,93,10
450,163,16,5
451,163,15,2
452,163,64,4
453,163,78,4
454,164,67,4
455,164,46,7
456,164,38,3
457,165,71,8
458,166,89,8
459,166,43,4
460,167,2,2
461,168,74,8
462,169,12,9
463,169,10,2
464,170,83,4
465,170,59,5
466,170,34,8
467,171,13,3
468,172,38,6
469,173,55,2
470,173,13,1
471,173,2,3
472,174,43,6
473,174,57,10
474,175,94,2
475,175,48,6
476,175,24,2
477,176,52,8
478,176,35,7
479,176,89,8
480,176,54,3
481,177,17,1
482,178,14,7
483,178,76,8
484,179,87,8
485,179,24,10
486,179,49,6
487,179,79,1
488,179,88,3
489,180,63,2
490,180,53,8
491,180,6,2
492,180,34,6
493,181,91,9
494,182,93,10
495,182,29,6
496,182,67,9
497,182,89,10
498,182,13,7
499,183,62,6
500,183,85,7
501,184,72,10
502,184,7,1
503,185,65,8
504,185,64,3
505,186,97,8
506,187,31,6
507,187,36,1
508,187,65,4
509,188,83,7
510,188,52,4
511,188,11,8
512,188,57,10
513,188,58,2
514,189,58,6
515,189,16,8
516,189,96,1
517,189,14,7
518,190,5,9
519,190,71,1
520,190,12,10
521,190,80,5
522,191,72,4
523,191,84,8
524,191,44,6
525,191,7,4
526,191,59,6
527,192,99,10
528,192,77,8
529,192,92,6
530,192,92,8
531,192,15,2
532,193,1,6
533,193,46,5
534,194,67,6
535,194,90,2
536,194,6,3
537,194,64,3
538,194,92,7
539,195,33,10
540,196,25,2
541,196,51,4
542,197,25,6
543,197,14,7
544,197,6,10
545,197,16,8
546,198,85,10
547,198,65,3
548,198,64,1
549,198,68,1
550,199,56,10
551,199,62,9
552,199,100,3
553,199,89,10
554,199,23,3
555,200,50,10
556,201,42,9
557,201,50,7
558,201,78,4
559,201,36,7
560,201,44,5
561,202,18,3
562,202,53,10
563,202,90,9
564,202,39,9
565,203,92,9
566,203,81,4
567,203,26,4
568,204,92,5
569,204,88,6
570,204,87,3
571,204,91,3
572,204,65,9
573,205,91,2
574,205,98,6
575,205,72,8
576,206,74,7
577,206,87,9
578,206,37,7
579,206,2,9
580,206,14,1
581,207,19,1
582,207,86,1
583,207,26,5
584,207,97,3
585,208,88,5
586,208,19,1
587,208,89,5
588,209,97,9
589,209,5,6
590,210,14,10
591,210,87,9
592,210,29,9
593,210,50,4
594,211,90,5
595,211,89,1
596,211,49,7
597,211,54,6
598,211,71,1
599,212,96,5
600,213,80,8
601,213,29,6
602,214,70,10
603,214,26,4
604,214,38,8
605,214,23,2
606,214,24,3
607,215,16,7
608,215,6,7
609,215,36,9
610,215,34,3
611,215,21,10
612,216,1,6
613,216,60,3
614,216,6,3
615,217,77,1
616,217,100,10
617,217,85,5
618,218,74,9
619,218,46,2
620,218,91,6
621,218,68,4
622,219,67,2
623,219,65,3
624,220,70,9
625,220,52,2
626,220,45,4
627,220,28,6
628,221,47,5
629,221,28,10
630,221,68,8
631,222,97,1
632,222,15,6
633,222,58,4
634,222,83,10
635,222,80,4
636,223,88,6
637,224,15,7
638,224,33,9
639,224,93,5
640,224,4,9
641,225,66,9
642,225,58,8
643,225,6,5
644,226,42,9
645,226,11,2
646,227,99,9
647,227,69,1
648,228,27,4
649,229,14,4
650,229,69,7
651,229,83,2
652,229,96,3
653,230,59,6
654,231,12,2
655,232,23,5
656,233,10,10
657,233,30,5
658,233,53,7
659,233,58,7
660,233,56,6
661,234,50,2
662,235,1,10
663,235,9,10
664,235,6,2
665,235,46,9
666,235,14,5
667,236,78,2
668,236,37,8
669,236,49,7
670,237,61,3
671,238,29,3
672,238,96,7
673,238,70,5
674,238,82,3
675,238,39,6
676,239,71,9
677,240,16,1
678,240,1,10
679,241,51,9
680,241,71,2
681,241,40,4
682,241,96,6
683,241,28,7
684,242,19,3
685,242,24,4
686,242,79,5
687,242,25,2
688,242,24,10
689,243,97,9
690,244,83,9
691,244,10,5
692,244,86,2
693,244,33,2
694,245,93,10
695,245,63,6
696,246,17,4
697,246,13,5
698,246,80,2
699,247,41,8
700,247,58,6
701,248,85,5
702,248,89,10
703,248,20,10
704,248,73,6
705,248,41,7
706,249,1,6
707,249,32,4
708,250,36,6
709,250,18,6
710,250,62,8
711,250,58,6
712,251,63,9
713,251,14,3
714,251,83,10
715,252,36,3
716,253,26,5
717,253,94,2
718,253,94,2
719,253,3,9
720,253,81,1
721,254,75,7
722,254,99,10
723,254,28,1
724,254,71,5
725,254,70,9
726,255,84,3
727,255,47,7
728,255,29,10
729,255,94,5
730,256,60,9
731,256,66,2
732,257,47,9
733,257,2,4
734,257,79,3
735,257,97,9
736,258,58,3
737,258,23,10
738,259,85,3
739,259,95,8
740,259,46,1
741,259,29,8
742,259,30,2
743,260,48,4
744,260,6,4
745,260,67,6
746,261,61,8
747,261,6,1
748,261,84,6
749,261,14,9
750,262,95,5
751,262,75,9
752,262,73,3
753,263,84,7
754,263,47,10
755,263,84,2
756,263,67,5
757,264,29,9
758,264,52,6
759,264,45,8
760,264,62,10
761,265,65,3
762,266,22,4
763,266,10,9
764,266,83,5
765,266,28,3
766,267,21,6
767,267,78,2
768,268,54,6
769,268,93,2
770,269,87,8
771,269,62,4
772,269,76,3
773,269,83,7
774,270,32,1
775,271,74,10
776,271,21,3
777,272,6,10
778,272,19,1
779,272,22,5
780,272,24,9
781,272,52,10
782,273,82,1
783,273,93,5
784,273,11,4
785,273,58,10
786,273,61,8
787,274,29,7
788,274,77,3
789,275,99,3
790,275,80,9
791,275,34,3
792,275,93,6
793,275,59,10
794,276,9,4
795,276,49,7
796,276,17,2
797,276,3,4
798,276,67,9
799,277,20,10
800,277,13,3
801,277,61,10
802,277,77,1
803,278,65,2
804,278,12,8
805,278,85,3
806,278,78,9
807,278,1,7
808,279,54,6
809,279,6,9
810,279,55,4
811,279,62,7
812,279,45,10
813,280,13,7
814,280,18,5
815,280,62,4
816,280,11,5
817,280,77,9
818,281,33,4
819,281,1,1
820,281,74,9
821,281,16,9
822,282,49,4
823,283,53,6
824,283,14,3
825,283,55,10
826,284,34,9
827,284,55,10
828,284,47,10
829,285,88,7
830,285,97,4
831,285,53,9
832,286,62,3
833,286,48,9
834,286,72,8
835,286,33,5
836,286,74,6
837,287,95,3
838,287,85,2
839,287,96,4
840,287,58,3
841,288,28,9
842,289,44,9
843,289,79,1
844,289,21,7
845,289,82,1
846,290,19,8
847,291,56,2
848,291,9,5
849,291,29,6
850,291,11,10
851,291,5,7
852,292,79,9
853,292,37,10
854,292,8,3
855,292,82,8
856,293,2,4
857,293,85,9
858,293,37,4
859,293,5,10
860,294,67,4
861,294,79,3
862,294,87,1
863,294,47,4
864,294,84,1
865,295,12,5
866,295,100,7
867,296,86,7
868,296,52,10
869,296,26,9
870,297,95,2
871,298,71,5
872,299,75,6
873,299,45,5
874,299,29,10
875,299,25,8
876,299,52,10
877,300,34,3
878,301,65,2
879,301,72,2
880,301,65,5
881,301,44,2
882,302,33,9
883,302,74,5
884,302,89,8
885,302,49,10
886,302,62,4
887,303,100,8
888,303,88,8
889,303,76,1
890,304,15,5
891,304,9,7
892,304,82,4
893,304,87,4
894,305,53,6
895,305,67,9
896,305,2,5
897,306,37,2
898,306,52,6
899,307,71,3
900,308,41,6
901,308,28,10
902,308,35,3
903,308,96,4
904,309,95,4
905,309,31,4
906,309,34,4
907,309,30,4
908,310,80,6
909,310,20,2
910,311,11,8
911,312,1,9
912,312,6,8
913,312,48,10
914,312,41,8
915,312,74,5
916,313,24,9
917,313,36,7
918,313,29,10
919,313,17,1
920,314,55,8
921,314,70,1
922,314,65,6
923,314,51,3
924,314,59,2
925,315,59,6
926,315,89,1
927,315,2,4
928,315,49,10
929,315,13,6
930,316,79,5
931,316,24,9
932,316,34,4
933,317,61,10
934,317,44,6
935,317,24,8
936,318,27,7
937,318,90,6
938,318,47,7
939,318,36,8
940,319,74,3
941,319,74,4
942,320,93,5
943,321,72,7
944,321,49,4
945,322,95,3
946,322,61,1
947,323,54,8
948,323,18,9
949,324,93,6
950,324,63,5
951,324,33,9
952,324,73,1
953,324,51,2
954,325,8,4
955,325,33,8
956,326,58,6
957,327,47,6
958,327,72,9
959,327,33,6
960,328,53,2
961,329,87,10
962,329,26,10
963,329,74,9
964,330,100,5
965,330,46,6
966,331,63,8
967,331,11,7
968,331,79,5
969,331,60,3
970,331,22,6
971,332,81,10
972,332,74,7
973,332,10,2
974,332,21,6
975,333,41,6
976,333,84,5
977,334,78,7
978,334,35,8
979,334,100,6
980,335,67,8
981,335,53,3
982,335,24,1
983,335,17,4
984,335,85,5
985,336,27,3
986,337,14,2
987,337,9,8
988,337,71,1
989,337,4,7
990,338,98,2
991,338,14,5
992,338,80,3
993,338,11,7
994,338,40,4
995,339,95,5
996,339,57,3
997,340,68,3
998,340,4,1
999,341,42,8
1000,341,60,9
1001,341,35,9
1002,342,18,9
1003,342,23,10
1004,342,77,8
1005,342,81,10
1006,343,68,9
1007,343,40,6
1008,343,62,9
1009,343,30,2
1010,344,40,6
1011,344,53,5
1012,344,20,5
1013,344,2,1
1014,345,98,3
1015,345,45,5
1016,345,61,9
1017,345,2,8
1018,345,97,8
1019,346,2,7
1020,346,38,10
1021,346,30,1
1022,347,48,4
1023,347,53,9
1024,347,56,7
1025,347,32,3
1026,347,92,7
1027,348,29,5
1028,348,11,7
1029,348,81,4
1030,348,67,10
1031,349,37,9
1032,349,35,7
1033,349,25,2
1034,350,18,5
1035,350,15,8
1036,351,58,5
1037,351,90,10
1038,351,63,4
1039,351,42,1
1040,351,20,1
1041,352,3,3
1042,352,14,5
1043,352,35,3
1044,352,92,8
1045,352,94,1
1046,353,12,3
1047,353,2,8
1048,354,44,7
1049,354,40,8
1050,355,60,1
1051,355,43,2
1052,355,97,3
1053,356,35,7
1054,357,70,8
1055,358,25,5
1056,358,49,1
1057,359,99,4
1058,360,99,8
1059,360,32,1
1060,360,26,8
1061,360,95,2
1062,361,86,4
1063,361,61,7
1064,361,88,5
1065,361,42,3
1066,361,81,1
1067,362,67,2
1068,362,33,8
1069,362,82,5
1070,362,26,6
1071,362,7,4
1072,363,31,7
1073,364,2,3
1074,364,36,10
1075,364,16,7
1076,365,2,1
1077,365,75,8
1078,366,20,6
1079,366,99,2
1080,366,32,3
1081,366,64,2
1082,366,88,10
1083,367,98,1
1084,367,8,6
1085,367,83,3
1086,368,14,3
1087,368,63,4
1088,368,41,9
1089,368,83,6
1090,368,57,4
1091,369,89,7
1092,370,93,3
1093,370,33,1
1094,370,63,8
1095,371,38,9
1096,371,90,8
1097,371,25,10
1098,371,24,9
1099,371,45,6
1100,372,36,10
1101,372,71,3
1102,372,9,9
1103,372,20,8
1104,373,34,9
1105,373,47,8
1106,373,1,9
1107,374,94,3
1108,374,3,10
1109,374,47,10
1110,374,31,6
1111,375,85,9
1112,376,25,9
1113,376,88,8
1114,376,99,9
1115,376,20,10
1116,377,42,7
1117,377,83,6
1118,377,15,2
1119,378,85,2
1120,378,6,3
1121,378,23,1
1122,378,26,2
1123,378,63,4
1124,379,5,10
1125,380,85,8
1126,380,68,10
1127,380,90,10
1128,380,33,1
1129,381,29,10
1130,381,92,2
1131,381,2,4
1132,382,11,8
1133,382,82,1
1134,382,47,9
1135,382,96,7
1136,383,91,1
1137,383,79,5
1138,383,68,1
1139,384,39,2
1140,385,67,2
1141,385,13,4
1142,386,50,4
1143,386,25,9
1144,386,85,4
1145,386,73,3
1146,386,72,9
1147,387,96,2
1148,387,99,10
1149,387,46,8
1150,387,90,7
1151,388,22,3
1152,389,52,9
1153,389,44,3
1154,389,69,10
1155,389,57,6
1156,389,41,9
1157,390,48,7
1158,390,98,7
1159,390,93,6
1160,391,31,10
1161,391,70,4
1162,391,49,9
1163,391,96,5
1164,391,47,8
1165,392,51,1
1166,392,93,1
1167,392,37,10
1168,392,3,9
1169,393,39,1
1170,393,39,4
1171,394,41,1
1172,394,99,5
1173,395,66,9
1174,395,74,10
1175,395,20,2
1176,395,5,8
1177,395,46,3
1178,396,34,6
1179,396,75,4
1180,397,33,5
1181,397,12,10
1182,398,73,4
1183,398,94,2
1184,398,93,6
1185,398,62,3
1186,399,89,10
1187,399,13,10
1188,399,83,5
1189,399,5,10
1190,400,11,1
1191,400,99,6
1192,400,45,7
1193,400,54,2
1194,401,96,10
1195,401,2,7
1196,402,40,9
1197,403,41,9
1198,404,20,6
1199,404,65,4
1200,404,20,1
1201,404,87,7
1202,404,58,10
1203,405,65,2
1204,405,29,7
1205,405,38,7
1206,405,19,3
1207,405,44,2
1208,406,74,1
1209,406,71,7
1210,406,34,2
1211,406,52,9
1212,407,100,3
1213,407,98,3
1214,407,62,9
1215,407,26,8
1216,408,84,10
1217,408,26,9
1218,408,79,9
1219,408,32,4
1220,409,35,7
1221,410,88,10
1222,410,12,2
1223,410,86,7
1224,411,47,6
1225,411,25,6
1226,411,45,10
1227,411,84,1
1228,412,22,6
1229,412,79,8
1230,412,80,3
1231,413,6,4
1232,413,26,6
1233,413,20,2
1234,413,15,1
1235,414,80,3
1236,414,37,1
1237,415,89,2
1238,415,40,8
1239,415,61,1
1240,416,27,9
1241,416,28,4
1242,416,70,9
1243,417,71,8
1244,417,80,3
1245,417,89,1
1246,418,75,9
1247,418,6,5
1248,418,22,1
1249,418,37,4
1250,419,35,1
1251,419,60,1
1252,419,9,7
1253,419,85,5
1254,419,85,6
1255,420,3,5
1256,421,30,7
1257,421,66,2
1258,421,41,8
1259,421,77,9
1260,422,24,4
1261,423,59,9
1262,423,92,1
1263,423,6,4
1264,423,68,5
1265,423,43,8
1266,424,96,3
1267,424,3,6
1268,424,88,6
1269,424,46,5
1270,425,65,5
1271,425,8,5
1272,426,4,9
1273,426,36,4
1274,426,20,6
1275,426,51,3
1276,427,94,7
1277,428,87,10
1278,428,81,4
1279,428,54,4
1280,428,74,3
1281,428,55,5
1282,429,43,8
1283,429,70,3
1284,429,27,3
1285,429,75,9
1286,429,88,4
1287,430,40,9
1288,430,18,7
1289,431,84,10
1290,431,21,6
1291,432,72,9
1292,433,24,6
1293,434,94,1
1294,434,98,6
1295,435,53,5
1296,435,57,5
1297,435,20,4
1298,435,14,3
1299,436,4,10
1300,436,79,5
1301,437,73,10
1302,437,30,10
1303,437,30,4
1304,437,88,1
1305,437,46,2
1306,438,18,9
1307,438,78,8
1308,438,92,6
1309,438,24,7
1310,439,61,3
1311,439,21,4
1312,439,29,1
1313,439,53,1
1314,440,53,4
1315,440,96,4
1316,440,97,4
1317,441,23,8
1318,442,63,6
1319,442,59,4
1320,442,55,7
1321,442,100,1
1322,442,78,7
1323,443,51,10
1324,443,96,10
1325,443,77,9
1326,444,83,1
1327,444,67,2
1328,444,58,8
1329,444,6,4
1330,444,67,9
1331,445,95,1
1332,445,72,7
1333,445,67,1
1334,445,25,5
1335,446,51,5
1336,446,100,5
1337,446,60,3
1338,446,55,5
1339,447,7,9
1340,447,19,8
1341,447,83,8
1342,447,12,9
1343,447,15,3
1344,448,90,9
1345,448,18,7
1346,448,53,6
1347,448,58,1
1348,448,23,8
1349,449,92,4
1350,449,59,2
1351,449,33,6
1352,449,89,3
1353,449,92,2
1354,450,15,8
1355,451,11,9
1356,451,91,7
1357,451,94,9
1358,452,21,7
1359,452,71,7
1360,452,6,3
1361,452,43,10
1362,452,85,3
1363,453,19,3
1364,453,99,1
1365,454,40,5
1366,454,94,8
1367,454,37,3
1368,454,16,3
1369,455,1,10
1370,455,98,5
1371,456,59,8
1372,457,70,1
1373,457,78,8
1374,457,31,4
1375,457,76,8
1376,458,53,8
1377,458,11,10
1378,458,77,1
1379,458,32,9
1380,459,80,9
1381,459,27,1
1382,459,24,3
1383,460,84,6
1384,461,19,1
1385,462,78,5
1386,462,43,2
1387,462,7,2
1388,462,54,3
1389,462,21,5
1390,463,85,10
1391,463,74,9
1392,463,23,8
1393,463,96,10
1394,463,47,1
1395,464,99,5
1396,465,48,7
1397,465,9,7
1398,465,71,2
1399,466,61,3
1400,466,16,5
1401,466,43,9
1402,467,68,4
1403,467,90,4
1404,467,79,1
1405,467,14,10
1406,468,12,8
1407,468,93,10
1408,468,91,5
1409,468,55,10
1410,468,41,5
1411,469,74,10
1412,469,46,3
1413,469,79,10
1414,469,64,9
1415,469,94,8
1416,470,24,10
1417,470,30,5
1418,470,25,1
1419,470,16,1
1420,471,81,2
1421,471,95,4
1422,471,79,7
1423,471,53,1
1424,472,45,9
1425,472,82,4
1426,472,2,4
1427,473,33,2
1428,473,40,5
1429,473,65,9
1430,474,99,1
1431,474,15,6
1432,474,44,7
1433,475,79,1
1434,475,23,4
1435,475,43,6
1436,475,87,8
1437,475,61,1
1438,476,62,3
1439,476,81,8
1440,477,43,8
1441,477,53,1
1442,477,67,5
1443,477,73,6
1444,477,72,9
1445,478,27,10
1446,479,46,2
1447,479,20,5
1448,479,4,6
1449,480,81,9
1450,480,22,10
1451,480,78,7
1452,480,24,10
1453,481,97,5
1454,482,91,1
1455,482,35,7
1456,482,12,8
1457,483,48,8
1458,483,39,4
1459,484,39,3
1460,484,15,6
1461,484,5,4
1462,484,12,8
1463,484,65,1
1464,485,65,3
1465,485,25,6
1466,485,62,9
1467,485,40,6
1468,486,99,2
1469,486,67,3
1470,487,93,1
1471,487,59,7
1472,488,15,1
1473,488,40,1
1474,488,88,10
1475,488,12,6
1476,488,60,1
1477,489,67,5
1478,490,74,5
1479,491,42,4
1480,491,25,5
1481,492,69,6
1482,492,99,8
1483,492,86,2
1484,493,20,3
1485,493,36,2
1486,493,2,10
1487,494,66,2
1488,494,27,9
1489,494,45,9
1490,494,41,5
1491,494,19,5
1492,495,32,3
1493,495,10,5
1494,495,79,6
1495,495,70,8
1496,495,7,3
1497,496,61,1
1498,497,50,1
1499,498,55,7
1500,499,91,10
1501,499,76,8
1502,500,46,5
1503,500,43,4
1504,500,92,9
1505,500,11,8
1506,500,73,3
1507,501,90,8
1508,502,59,5
1509,503,61,4
1510,503,29,3
1511,503,79,5
1512,503,47,7
1513,504,90,6
1514,504,42,8
1515,505,4,2
1516,505,61,2
1517,505,45,8
1518,505,60,3
1519,506,99,6
1520,506,78,10
1521,506,17,9
1522,507,52,2
1523,508,72,2
1524,508,39,9
1525,508,60,7
1526,509,53,4
1527,509,80,4
1528,509,71,3
1529,509,62,7
1530,509,9,6
1531,510,89,10
1532,510,56,7
1533,511,44,9
1534,511,89,4
1535,511,23,2
1536,511,95,10
1537,511,63,2
1538,512,77,8
1539,512,42,9
1540,512,13,8
1541,512,23,5
1542,512,52,2
1543,513,14,10
1544,513,99,7
1545,513,42,8
1546,513,83,1
1547,513,12,4
1548,514,75,1
1549,514,97,3
1550,515,58,9
1551,515,38,7
1552,516,74,8
1553,516,26,4
1554,516,88,6
1555,516,39,10
1556,516,87,5
1557,517,92,6
1558,517,12,10
1559,517,2,10
1560,517,66,7
1561,518,38,1
1562,518,48,9
1563,519,1,9
1564,520,15,5
1565,520,4,4
1566,520,56,10
1567,521,81,6
1568,521,92,7
1569,521,52,7
1570,521,56,9
1571,522,85,3
1572,522,61,3
1573,523,72,7
1574,523,47,7
1575,524,37,3
1576,524,18,1
1577,525,83,1
1578,526,93,8
1579,526,85,7
1580,527,11,3
1581,527,83,7
1582,528,90,10
1583,528,55,10
1584,528,24,8
1585,528,66,7
1586,529,58,7
1587,529,46,4
1588,529,24,7
1589,529,78,1
1590,529,74,8
1591,530,92,9
1592,530,35,7
1593,531,74,6
1594,531,5,1
1595,531,73,8
1596,531,91,6
1597,531,15,10
1598,532,89,2
1599,532,19,9
1600,532,97,5
1601,532,60,9
1602,533,67,10
1603,534,32,8
1604,535,88,9
1605,536,40,10
1606,536,7,6
1607,536,69,1
1608,536,61,8
1609,536,66,8
1610,537,94,6
1611,537,54,6
1612,537,38,5
1613,537,22,1
1614,537,89,10
1615,538,94,10
1616,538,34,1
1617,538,81,8
1618,539,22,10
1619,539,7,5
1620,539,95,10
1621,539,4,5
1622,539,63,2
1623,540,65,2
1624,540,36,5
1625,541,79,5
1626,541,36,5
1627,542,95,2
1628,543,23,10
1629,543,95,3
1630,543,85,8
1631,543,48,3
1632,543,34,4
1633,544,24,9
1634,544,5,6
1635,544,11,3
1636,544,77,3
1637,545,97,7
1638,545,99,7
1639,545,31,8
1640,545,93,3
1641,546,74,6
1642,546,7,5
1643,547,7,3
1644,548,52,8
1645,548,39,8
1646,548,96,9
1647,548,30,7
1648,549,61,5
1649,549,19,9
1650,549,56,1
1651,549,37,8
1652,550,87,6
1653,550,68,1
1654,550,13,9
1655,550,82,6
1656,551,79,5
1657,551,43,5
1658,551,35,2
1659,551,33,10
1660,552,60,4
1661,552,94,10
1662,552,99,4
1663,552,67,6
1664,553,41,9
1665,553,2,1
1666,554,2,7
1667,555,68,2
1668,556,45,4
1669,556,93,5
1670,556,33,4
1671,556,5,1
1672,557,12,1
1673,557,77,4
1674,557,77,2
1675,557,91,2
1676,557,12,10
1677,558,49,10
1678,558,24,2
1679,559,33,5
1680,559,60,2
1681,560,36,7
1682,560,89,6
1683,560,33,3
1684,560,100,2
1685,561,100,1
1686,561,49,7
1687,561,43,1
1688,562,34,3
1689,562,57,2
1690,562,63,4
1691,563,51,3
1692,563,83,8
1693,563,14,3
1694,563,70,7
1695,563,28,10
1696,564,57,5
1697,565,5,2
1698,566,74,5
1699,567,3,8
1700,567,20,1
1701,567,5,7
1702,567,35,3
1703,568,51,10
1704,568,1,9
1705,568,91,8
1706,569,56,7
1707,569,94,2
1708,569,70,4
1709,569,1,7
1710,570,16,10
1711,570,69,6
1712,570,43,5
1713,570,52,1
1714,571,47,9
1715,572,11,8
1716,572,98,5
1717,572,83,4
1718,573,71,1
1719,573,50,4
1720,574,90,7
1721,574,14,6
1722,574,63,2
1723,575,95,4
1724,575,18,1
1725,575,25,1
1726,575,93,10
1727,576,63,7
1728,576,9,9
1729,577,64,9
1730,577,58,1
1731,577,5,6
1732,578,44,1
1733,579,16,4
1734,579,84,9
1735,579,59,9
1736,579,20,10
1737,580,10,1
1738,580,95,3
1739,581,84,1
1740,581,61,10
1741,581,6,4
1742,581,90,3
1743,582,23,1
1744,583,13,8
1745,583,79,3
1746,583,76,2
1747,584,15,8
1748,585,79,4
1749,585,9,4
1750,585,55,6
1751,585,95,7
1752,585,42,2
1753,586,70,3
1754,586,42,4
1755,586,98,1
1756,586,76,3
1757,586,43,2
1758,587,36,3
1759,588,22,6
1760,588,71,3
1761,588,57,4
1762,588,75,1
1763,589,13,10
1764,589,49,3
1765,590,63,2
1766,591,1,3
1767,592,91,10
1768,593,54,8
1769,593,89,3
1770,593,27,3
1771,594,67,8
1772,594,53,4
1773,594,23,10
1774,595,77,3
1775,596,79,2
1776,596,81,5
1777,596,45,7
1778,596,1,9
1779,597,25,2
1780,597,68,2
1781,598,47,9
1782,598,65,4
1783,598,60,4
1784,598,36,1
1785,598,25,2
1786,599,88,8
1787,599,64,3
1788,600,86,1
1789,600,7,6
1790,601,27,7
1791,601,33,6
1792,601,79,8
1793,602,14,1
1794,603,23,3
1795,603,4,8
1796,603,66,2
1797,603,10,4
1798,603,93,8
1799,604,75,6
1800,604,54,4
1801,604,96,6
1802,604,30,2
1803,604,42,4
1804,605,31,7
1805,606,49,4
1806,606,10,8
1807,607,63,1
1808,607,56,3
1809,607,28,10
1810,607,59,3
1811,607,50,6
1812,608,59,4
1813,608,81,6
1814,609,26,6
1815,609,17,1
1816,609,89,10
1817,610,36,3
1818,611,60,8
1819,612,22,6
1820,612,29,5
1821,612,78,3
1822,612,82,10
1823,613,74,9
1824,613,30,2
1825,614,67,8
1826,614,28,10
1827,614,61,8
1828,614,36,1
1829,615,95,4
1830,615,32,6
1831,615,56,10
1832,615,29,10
1833,616,74,1
1834,616,54,1
1835,617,61,9
1836,618,55,9
1837,619,62,2
1838,619,58,8
1839,619,31,2
1840,619,72,1
1841,620,28,3
1842,620,46,5
1843,620,31,2
1844,620,3,8
1845,621,21,8
1846,621,74,10
1847,621,4,8
1848,622,99,3
1849,622,91,7
1850,622,24,6
1851,622,81,8
1852,623,81,2
1853,624,89,6
1854,624,68,1
1855,624,38,7
1856,624,97,5
1857,625,70,10
1858,625,27,2
1859,625,80,6
1860,625,95,1
1861,625,66,6
1862,626,15,7
1863,627,60,10
1864,627,6,6
1865,627,47,3
1866,628,91,2
1867,628,72,4
1868,628,18,6
1869,628,31,9
1870,628,15,8
1871,629,90,4
1872,629,97,4
1873,629,42,6
1874,629,35,9
1875,629,88,7
1876,630,7,2
1877,630,48,6
1878,630,58,8
1879,631,68,2
1880,631,61,9
1881,631,87,9
1882,631,38,8
1883,631,80,6
1884,632,25,8
1885,633,11,7
1886,634,37,2
1887,634,14,3
1888,635,15,3
1889,635,64,3
1890,635,27,9
1891,636,38,7
1892,637,17,8
1893,637,45,7
1894,637,57,1
1895,637,38,4
1896,637,9,1
1897,638,67,6
1898,638,53,10
1899,639,84,6
1900,639,63,10
1901,639,86,9
1902,640,57,8
1903,640,39,10
1904,640,17,5
1905,640,22,5
1906,640,30,8
1907,641,37,1
1908,641,19,6
1909,641,37,8
1910,642,80,3
1911,642,92,9
1912,643,24,3
1913,643,91,3
1914,643,21,4
1915,644,6,6
1916,645,17,8
1917,645,34,6
1918,645,24,4
1919,645,72,1
1920,645,86,6
1921,646,19,6
1922,646,58,9
1923,646,21,9
1924,647,16,1
1925,647,52,8
1926,647,99,3
1927,648,41,3
1928,648,1,9
1929,648,65,6
1930,648,83,5
1931,649,38,10
1932,649,86,3
1933,649,73,8
1934,649,44,2
1935,650,6,3
1936,650,87,9
1937,650,15,5
1938,650,4,7
1939,651,29,8
1940,651,46,2
1941,651,42,1
1942,651,78,4
1943,651,75,9
1944,652,99,5
1945,652,26,1
1946,653,69,8
1947,654,66,7
1948,655,63,6
1949,655,78,10
1950,656,8,6
1951,656,51,3
1952,656,92,7
1953,656,48,7
1954,656,48,1
1955,657,45,6
1956,657,40,8
1957,657,72,2
1958,658,94,8
1959,658,95,7
1960,659,37,3
1961,659,94,7
1962,659,94,7
1963,659,18,10
1964,660,12,3
1965,660,27,5
1966,660,61,9
1967,660,43,2
1968,660,76,7
1969,661,1,7
1970,662,54,3
1971,662,72,8
1972,662,91,10
1973,663,26,3
1974,663,49,5
1975,664,63,1
1976,664,39,10
1977,664,39,8
1978,664,72,8
1979,664,29,1
1980,665,20,5
1981,666,82,8
1982,666,16,5
1983,666,54,3
1984,667,89,4
1985,667,4,2
1986,667,98,5
1987,667,64,2
1988,668,96,6
1989,668,75,8
1990,668,73,7
1991,668,34,8
1992,668,89,2
1993,669,66,10
1994,669,3,5
1995,669,21,10
1996,670,19,6
1997,671,89,3
1998,671,46,3
1999,671,7,5
2000,671,47,7
2001,672,7,5
2002,672,38,9
2003,672,82,2
2004,673,25,3
2005,673,98,2
2006,673,77,3
2007,673,70,6
2008,673,41,5
2009,674,88,6
2010,674,13,9
2011,674,75,6
2012,675,2,3
2013,675,67,5
2014,676,100,8
2015,676,53,6
2016,676,21,2
2017,677,20,9
2018,677,29,4
2019,678,79,9
2020,678,69,9
2021,678,90,2
2022,678,54,8
2023,678,10,2
2024,679,3,8
2025,679,45,5
2026,680,18,8
2027,680,77,9
2028,680,98,6
2029,681,91,5
2030,681,4,2
2031,682,17,3
2032,682,89,4
2033,683,17,4
2034,683,17,2
2035,683,55,2
2036,684,3,8
2037,685,6,4
2038,685,14,1
2039,685,85,9
2040,685,76,1
2041,686,16,5
2042,686,6,2
2043,686,39,1
2044,686,97,2
2045,687,78,4
2046,688,26,3
2047,688,86,6
2048,688,4,2
2049,688,19,5
2050,688,75,6
2051,689,21,9
2052,689,100,10
2053,689,31,9
2054,690,9,2
2055,690,75,1
2056,690,68,4
2057,690,92,4
2058,690,37,3
2059,691,1,2
2060,691,28,9
2061,691,91,8
2062,691,47,10
2063,691,24,8
2064,692,24,6
2065,693,55,4
2066,693,66,4
2067,693,53,2
2068,693,98,6
2069,694,60,2
2070,695,18,8
2071,695,98,6
2072,695,91,5
2073,695,72,1
2074,695,11,6
2075,696,15,7
2076,696,37,8
2077,696,77,5
2078,696,88,8
2079,697,71,7
2080,697,38,7
2081,698,9,8
2082,698,87,6
2083,699,2,8
2084,699,87,2
2085,700,57,9
2086,700,85,2
2087,700,16,3
2088,700,51,7
2089,701,14,3
2090,701,9,6
2091,701,26,6
2092,701,26,10
2093,701,52,2
2094,702,55,8
2095,702,36,10
2096,703,35,7
2097,703,46,8
2098,703,86,10
2099,703,52,8
2100,703,66,5
2101,704,99,8
2102,704,14,2
2103,705,63,8
2104,705,30,3
2105,705,4,2
2106,706,9,8
2107,707,23,7
2108,708,87,6
2109,708,20,5
2110,708,80,10
2111,708,13,2
2112,708,85,9
2113,709,60,4
2114,709,38,8
2115,709,63,9
2116,709,34,9
2117,710,70,9
2118,710,3,1
2119,710,56,2
2120,711,58,6
2121,711,49,8
2122,711,59,1
2123,711,5,3
2124,712,85,5
2125,712,91,3
2126,712,63,7
2127,712,18,5
2128,712,92,7
2129,713,98,2
2130,713,73,8
2131,713,85,9
2132,713,88,9
2133,714,61,8
2134,714,72,3
2135,714,65,1
2136,714,51,5
2137,714,64,10
2138,715,79,6
2139,715,99,5
2140,715,42,1
2141,715,4,10
2142,716,17,6
2143,717,95,10
2144,717,4,6
2145,717,49,2
2146,718,45,6
2147,718,53,6
2148,718,8,4
2149,718,32,4
2150,719,76,2
2151,719,89,2
2152,719,40,2
2153,720,22,1
2154,720,69,6
2155,720,5,8
2156,721,73,9
2157,721,54,5
2158,721,3,8
2159,721,76,1
2160,722,49,10
2161,722,50,6
2162,722,74,2
2163,723,13,4
2164,723,44,8
2165,723,65,6
2166,723,22,10
2167,724,47,7
2168,724,26,8
2169,724,82,2
2170,725,28,5
2171,725,34,1
2172,725,39,10
2173,725,52,4
2174,725,80,2
2175,726,13,10
2176,726,44,5
2177,726,9,10
2178,726,68,8
2179,726,55,4
2180,727,10,5
2181,727,65,5
2182,727,56,9
2183,728,26,7
2184,728,52,5
2185,728,80,9
2186,729,86,9
2187,729,24,1
2188,729,81,9
2189,729,24,10
2190,730,28,8
2191,730,35,9
2192,730,79,7
2193,730,73,1
2194,731,26,6
2195,731,60,3
2196,731,31,3
2197,731,96,5
2198,731,56,7
2199,732,9,4
2200,732,53,5
2201,732,37,3
2202,733,88,10
2203,733,31,7
2204,733,31,2
2205,734,25,1
2206,734,32,5
2207,735,63,9
2208,735,56,7
2209,735,83,1
2210,735,26,3
2211,736,18,1
2212,736,34,5
2213,736,85,9
2214,737,83,1
2215,737,93,8
2216,738,8,2
2217,739,78,5
2218,739,9,7
2219,739,47,2
2220,740,93,3
2221,740,31,2
2222,740,74,9
2223,740,16,9
2224,741,100,9
2225,741,33,8
2226,741,12,4
2227,741,77,2
2228,741,99,6
2229,742,75,7
2230,742,96,4
2231,742,55,4
2232,743,14,3
2233,743,28,5
2234,744,53,5
2235,744,76,1
2236,744,63,9
2237,744,48,2
2238,745,70,7
2239,745,61,4
2240,745,36,3
2241,746,61,6
2242,746,40,1
2243,746,83,10
2244,747,95,1
2245,748,33,9
2246,748,50,5
2247,749,88,2
2248,749,69,4
2249,749,57,7
2250,750,51,5
2251,751,12,4
2252,751,39,4
2253,751,21,8
2254,752,99,7
2255,752,5,5
2256,752,11,8
2257,753,95,7
2258,753,43,7
2259,753,13,3
2260,753,90,5
2261,754,9,6
2262,754,54,10
2263,754,94,9
2264,754,95,6
2265,754,59,1
2266,755,83,3
2267,756,83,3
2268,756,1,7
2269,756,26,5
2270,756,41,10
2271,757,15,3
2272,758,67,3
2273,758,77,7
2274,759,58,8
2275,759,95,3
2276,759,34,3
2277,760,42,5
2278,760,26,2
2279,760,54,6
2280,760,24,7
2281,760,49,10
2282,761,3,1
2283,761,72,10
2284,762,12,8
2285,762,26,5
2286,763,7,7
2287,763,80,7
2288,764,34,3
2289,764,12,6
2290,764,22,10
2291,764,16,1
2292,764,92,9
2293,765,99,8
2294,765,87,8
2295,765,16,4
2296,765,92,4
2297,766,35,5
2298,766,96,8
2299,767,17,7
2300,767,27,10
2301,767,28,5
2302,767,94,4
2303,768,24,7
2304,768,19,1
2305,768,38,5
2306,768,31,10
2307,769,32,6
2308,769,75,8
2309,769,11,1
2310,769,61,3
2311,770,89,7
2312,770,88,4
2313,770,92,7
2314,771,95,10
2315,771,33,2
2316,771,13,9
2317,771,8,1
2318,772,31,8
2319,772,46,10
2320,772,86,10
2321,773,1,5
2322,774,80,7
2323,774,39,7
2324,774,86,6
2325,774,17,9
2326,774,6,10
2327,775,34,3
2328,775,65,8
2329,776,60,3
2330,776,12,6
2331,776,91,9
2332,777,19,5
2333,777,15,6
2334,777,6,3
2335,777,64,5
2336,778,56,5
2337,778,34,10
2338,778,98,5
2339,779,41,7
2340,779,22,6
2341,779,95,8
2342,779,98,3
2343,779,72,8
2344,780,25,3
2345,781,30,3
2346,782,61,5
2347,783,91,8
2348,783,56,2
2349,784,6,8
2350,784,46,9
2351,784,63,8
2352,784,64,2
2353,785,16,6
2354,785,12,4
2355,786,24,3
2356,786,96,9
2357,786,35,10
2358,787,28,10
2359,787,1,9
2360,787,99,10
2361,787,24,7
2362,787,10,4
2363,788,87,2
2364,788,43,1
2365,788,37,2
2366,788,51,6
2367,789,14,6
2368,789,20,1
2369,789,11,8
2370,789,91,8
2371,789,59,5
2372,790,85,1
2373,790,43,1
2374,790,84,10
2375,790,58,6
2376,790,94,10
2377,791,28,1
2378,791,83,5
2379,792,8,2
2380,792,71,10
2381,792,49,2
2382,793,33,3
2383,793,31,7
2384,793,12,1
2385,793,27,3
2386,794,100,7
2387,794,37,3
2388,794,16,5
2389,794,63,7
2390,795,88,10
2391,795,17,6
2392,795,86,2
2393,796,66,4
2394,796,63,8
2395,796,50,8
2396,797,73,10
2397,797,55,2
2398,797,97,7
2399,798,79,3
2400,798,56,7
2401,798,12,1
2402,799,44,8
2403,799,87,4
2404,799,83,3
2405,799,64,9
2406,799,81,9
2407,800,38,8
2408,801,11,8
2409,801,39,3
2410,801,17,5
2411,801,32,9
2412,802,38,10
2413,802,7,9
2414,802,10,1
2415,802,66,2
2416,803,55,7
2417,803,13,8
2418,803,85,10
2419,803,33,6
2420,803,33,10
2421,804,99,9
2422,805,15,8
2423,806,24,7
2424,806,6,2
2425,807,91,5
2426,807,41,10
2427,807,93,8
2428,807,97,8
2429,808,34,6
2430,808,24,4
2431,808,24,2
2432,808,96,10
2433,808,34,2
2434,809,69,1
2435,809,1,7
2436,809,15,1
2437,809,22,8
2438,810,89,7
2439,810,85,10
2440,810,93,8
2441,810,39,10
2442,811,47,7
2443,811,39,2
2444,811,17,3
2445,811,2,4
2446,811,15,1
2447,812,4,4
2448,812,62,3
2449,813,56,9
2450,813,25,2
2451,814,99,8
2452,814,19,8
2453,814,55,1
2454,815,22,3
2455,816,63,8
2456,816,3,8
2457,816,75,4
2458,816,26,5
2459,817,51,1
2460,817,43,1
2461,817,14,7
2462,817,54,8
2463,817,95,10
2464,818,94,9
2465,818,38,1
2466,818,63,7
2467,818,63,9
2468,818,76,10
2469,819,30,1
2470,819,68,1
2471,819,55,10
2472,819,41,9
2473,820,35,7
2474,821,15,8
2475,821,80,6
2476,821,58,7
2477,821,3,3
2478,822,93,4
2479,822,61,6
2480,822,57,4
2481,823,29,10
2482,823,88,6
2483,823,78,8
2484,823,17,5
2485,823,93,7
2486,824,87,6
2487,824,61,3
2488,824,80,4
2489,824,37,2
2490,825,17,3
2491,825,26,3
2492,825,78,8
2493,825,13,7
2494,826,39,4
2495,826,27,9
2496,826,7,1
2497,826,46,5
2498,827,87,3
2499,827,23,9
2500,827,5,2
2501,828,56,2
2502,828,80,4
2503,828,16,9
2504,829,63,5
2505,829,44,6
2506,830,99,9
2507,831,20,9
2508,831,78,2
2509,831,91,1
2510,832,59,2
2511,832,14,10
2512,832,79,2
2513,832,72,1
2514,833,14,3
2515,833,81,2
2516,833,27,6
2517,833,21,5
2518,833,91,8
2519,834,64,2
2520,834,20,6
2521,834,43,3
2522,834,16,4
2523,834,57,7
2524,835,32,8
2525,836,37,9
2526,836,22,2
2527,836,35,6
2528,837,47,4
2529,837,20,9
2530,837,54,4
2531,837,18,7
2532,838,53,8
2533,838,67,6
2534,838,4,8
2535,838,19,1
2536,839,9,2
2537,839,44,6
2538,839,52,3
2539,839,56,1
2540,839,51,1
2541,840,74,1
2542,840,81,9
2543,841,54,7
2544,841,88,9
2545,841,39,6
2546,842,2,5
2547,842,68,10
2548,842,19,7
2549,843,83,4
2550,843,70,10
2551,843,80,8
2552,843,90,6
2553,844,100,4
2554,844,39,2
2555,844,5,9
2556,844,43,7
2557,845,67,9
2558,845,37,4
2559,846,66,9
2560,847,67,6
2561,847,97,3
2562,847,3,1
2563,848,76,5
2564,848,31,5
2565,848,93,7
2566,848,65,2
2567,848,94,1
2568,849,34,9
2569,849,46,2
2570,849,7,2
2571,850,39,10
2572,850,95,1
2573,850,59,6
2574,850,31,10
2575,851,92,9
2576,851,77,4
2577,851,45,5
2578,851,37,10
2579,851,87,3
2580,852,67,4
2581,852,14,6
2582,852,67,10
2583,852,25,6
2584,853,13,3
2585,853,92,7
2586,853,53,2
2587,853,12,1
2588,854,17,8
2589,854,28,8
2590,854,10,6
2591,854,87,9
2592,855,76,9
2593,855,67,7
2594,855,34,10
2595,855,64,7
2596,856,89,8
2597,856,94,7
2598,856,21,3
2599,856,65,3
2600,857,92,8
2601,857,17,9
2602,857,68,2
2603,857,89,4
2604,858,61,1
2605,858,96,3
2606,858,72,6
2607,858,16,10
2608,859,15,2
2609,859,48,10
2610,859,38,1
2611,859,67,3
2612,860,48,5
2613,861,39,5
2614,861,63,1
2615,861,19,3
2616,862,54,1
2617,862,40,5
2618,862,28,3
2619,862,95,8
2620,862,1,2
2621,863,45,2
2622,863,6,7
2623,863,62,10
2624,863,40,10
2625,863,58,6
2626,864,61,10
2627,864,17,3
2628,864,65,8
2629,864,98,8
2630,865,20,6
2631,865,12,10
2632,865,86,10
2633,865,53,7
2634,866,51,6
2635,866,70,1
2636,867,95,5
2637,867,83,2
2638,867,22,1
2639,867,74,5
2640,868,83,2
2641,868,83,9
2642,868,11,4
2643,868,80,9
2644,868,74,1
2645,869,67,4
2646,869,97,8
2647,869,65,1
2648,869,16,9
2649,869,24,1
2650,870,27,4
2651,870,91,10
2652,870,57,2
2653,871,78,6
2654,871,52,10
2655,871,6,8
2656,871,3,6
2657,871,56,3
2658,872,4,9
2659,872,41,7
2660,872,33,2
2661,872,15,2
2662,873,22,5
2663,873,19,3
2664,873,33,2
2665,873,20,5
2666,873,53,3
2667,874,79,6
2668,875,4,1
2669,875,39,7
2670,876,41,3
2671,877,42,5
2672,877,49,2
2673,877,7,4
2674,877,31,10
2675,878,31,8
2676,878,66,9
2677,878,50,2
2678,878,35,1
2679,878,41,8
2680,879,53,2
2681,879,62,1
2682,879,53,4
2683,879,3,5
2684,879,71,10
2685,880,32,9
2686,881,39,10
2687,881,53,8
2688,882,82,9
2689,883,19,6
2690,883,70,3
2691,884,69,7
2692,884,72,8
2693,885,1,8
2694,886,38,3
2695,886,1,1
2696,886,62,5
2697,886,77,5
2698,886,88,7
2699,887,81,4
2700,887,75,9
2701,887,37,1
2702,888,95,9
2703,888,73,2
2704,889,12,7
2705,889,90,2
2706,889,18,9
2707,890,56,4
2708,890,79,9
2709,890,41,6
2710,891,97,8
2711,891,35,4
2712,891,85,6
2713,892,27,8
2714,892,77,6
2715,892,3,3
2716,893,78,8
2717,894,2,3
2718,895,72,8
2719,895,98,7
2720,895,69,2
2721,895,84,2
2722,896,4,8
2723,896,87,2
2724,896,46,7
2725,896,77,6
2726,896,50,3
2727,897,16,8
2728,898,25,8
2729,898,2,4
2730,898,96,1
2731,899,88,6
2732,899,25,2
2733,899,79,5
2734,900,30,8
2735,900,47,1
2736,901,64,10
2737,901,27,1
2738,901,26,7
2739,902,36,10
2740,903,64,3
2741,903,71,4
2742,903,85,10
2743,903,87,10
2744,903,73,3
2745,904,76,3
2746,905,17,5
2747,906,30,9
2748,906,94,5
2749,906,25,1
2750,906,89,9
2751,906,79,5
2752,907,59,1
2753,907,55,1
2754,907,42,7
2755,907,53,5
2756,907,16,9
2757,908,64,6
2758,908,67,1
2759,908,93,4
2760,908,7,5
2761,909,69,8
2762,909,41,1
2763,909,51,4
2764,909,43,2
2765,910,4,4
2766,910,89,7
2767,910,10,4
2768,910,26,3
2769,910,43,5
2770,911,81,2
2771,912,62,7
2772,913,76,6
2773,914,32,2
2774,914,61,4
2775,914,44,1
2776,915,67,4
2777,915,10,10
2778,915,80,8
2779,916,81,8
2780,917,16,2
2781,917,8,1
2782,917,49,6
2783,917,89,2
2784,917,17,1
2785,918,8,5
2786,918,79,7
2787,918,9,2
2788,918,87,1
2789,919,7,5
2790,919,49,7
2791,919,13,10
2792,919,97,7
2793,919,30,10
2794,920,2,8
2795,920,50,8
2796,920,55,10
2797,920,80,2
2798,920,44,1
2799,921,67,6
2800,921,76,4
2801,921,14,2
2802,921,2,10
2803,922,76,4
2804,923,17,9
2805,923,33,6
2806,923,54,8
2807,923,93,10
2808,923,57,3
2809,924,18,1
2810,924,8,3
2811,925,75,7
2812,925,66,6
2813,925,40,10
2814,926,100,3
2815,926,19,8
2816,926,40,10
2817,926,44,5
2818,926,48,1
2819,927,76,3
2820,927,8,4
2821,927,65,9
2822,927,7,7
2823,927,45,4
2824,928,82,4
2825,928,9,6
2826,929,86,8
2827,929,89,8
2828,930,89,6
2829,930,75,10
2830,930,43,10
2831,930,39,7
2832,930,43,3
2833,931,59,1
2834,932,29,1
2835,932,82,4
2836,932,89,4
2837,932,60,10
2838,933,31,8
2839,933,95,6
2840,934,27,7
2841,934,24,1
2842,934,47,1
2843,934,10,6
2844,935,72,2
2845,936,38,8
2846,936,25,10
2847,937,6,1
2848,937,26,4
2849,937,37,3
2850,938,34,3
2851,938,44,9
2852,939,23,4
2853,939,3,3
2854,940,13,1
2855,940,87,3
2856,940,49,2
2857,941,27,5
2858,941,59,4
2859,941,48,6
2860,942,68,10
2861,942,56,2
2862,943,19,3
2863,944,25,9
2864,944,49,6
2865,945,77,7
2866,945,82,4
2867,945,6,10
2868,946,25,9
2869,946,38,3
2870,946,42,4
2871,946,7,5
2872,946,17,9
2873,947,63,4
2874,947,94,2
2875,947,61,10
2876,947,9,3
2877,947,66,7
2878,948,48,8
2879,948,67,8
2880,948,23,6
2881,948,92,6
2882,948,68,8
2883,949,61,5
2884,949,75,7
2885,949,82,10
2886,949,84,1
2887,950,29,4
2888,950,58,4
2889,951,28,5
2890,951,55,7
2891,951,74,3
2892,951,48,5
2893,952,11,3
2894,952,97,2
2895,952,38,8
2896,952,67,6
2897,952,30,10
2898,953,60,9
2899,954,44,7
2900,954,58,8
2901,954,56,7
2902,954,48,8
2903,954,41,5
2904,955,4,3
2905,955,57,4
2906,955,34,2
2907,955,46,2
2908,956,65,9
2909,956,70,2
2910,956,36,4
2911,957,16,2
2912,958,5,9
2913,958,26,6
2914,958,26,6
2915,959,39,5
2916,959,25,10
2917,959,18,9
2918,960,2,5
2919,960,37,6
2920,960,52,7
2921,961,97,1
2922,961,61,9
2923,961,98,3
2924,961,51,4
2925,961,30,4
2926,962,30,9
2927,962,76,9
2928,962,97,8
2929,962,93,8
2930,963,11,6
2931,963,25,7
2932,963,99,7
2933,964,57,8
2934,964,72,1
2935,965,18,10
2936,965,17,5
2937,965,95,1
2938,966,85,6
2939,966,44,4
2940,966,54,7
2941,966,88,7
2942,967,39,6
2943,967,76,1
2944,967,73,1
2945,967,18,3
2946,967,43,10
2947,968,78,10
2948,968,51,7
2949,968,27,7
2950,968,9,9
2951,968,50,4
2952,969,14,6
2953,969,73,8
2954,969,82,5
2955,969,12,3
2956,970,87,9
2957,971,5,10
2958,971,63,1
2959,972,26,2
2960,972,50,5
2961,973,30,5
2962,973,85,9
2963,974,59,1
2964,975,67,1
2965,975,22,6
2966,975,53,7
2967,976,15,3
2968,976,69,7
2969,977,96,2
2970,977,50,4
2971,977,17,4
2972,977,40,7
2973,978,21,10
2974,978,74,5
2975,978,76,4
2976,978,65,8
2977,979,26,1
2978,979,19,8
2979,979,9,7
2980,980,32,9
2981,980,43,10
2982,980,63,8
2983,980,60,10
2984,980,6,2
2985,981,83,8
2986,981,45,5
2987,981,51,10
2988,982,54,4
2989,982,23,10
2990,983,59,7
2991,983,85,3
2992,983,90,10
2993,983,13,7
2994,984,31,3
2995,985,81,9
2996,985,38,2
2997,985,90,4
2998,986,53,9
2999,986,16,6
3000,986,10,2
3001,986,65,6
3002,987,58,3
3003,987,33,4
3004,987,65,1
3005,987,60,1
3006,988,82,8
3007,989,44,7
3008,989,25,7
3009,989,5,1
3010,989,33,2
3011,990,42,8
3012,990,63,8
3013,991,11,9
3014,992,92,8
3015,992,18,8
3016,993,21,3
3017,993,3,10
3018,993,13,3
3019,994,16,9
3020,994,95,7
3021,994,22,2
3022,995,87,5
3023,996,57,6
3024,996,23,4
3025,997,87,9
3026,998,57,1
3027,998,82,9
3028,999,50,5
3029,1000,7,10
3030,1000,1,1
3031,1000,99,7
3032,1000,99,4
3033,1001,48,4
3034,1001,26,2
3035,1002,54,1
3036,1003,44,4
3037,1004,29,2
3038,1005,93,3
3039,1005,6,7
3040,1006,14,6
3041,1006,42,9
3042,1006,81,4
3043,1006,80,4
3044,1006,70,7
3045,1007,16,4
3046,1007,28,2
3047,1007,46,6
3048,1007,23,1
3049,1008,84,6
3050,1008,2,7
3051,1008,28,8
3052,1008,29,2
3053,1009,84,10
3054,1009,48,1
3055,1009,9,4
3056,1010,39,10
3057,1010,64,2
3058,1010,92,9
3059,1010,73,3
3060,1011,13,10
3061,1011,42,7
3062,1011,87,3
3063,1012,23,6
3064,1012,86,8
3065,1012,9,6
3066,1013,78,10
3067,1014,49,9
3068,1014,82,4
3069,1014,65,10
3070,1014,91,1
3071,1015,3,10
3072,1015,98,2
3073,1016,31,7
3074,1016,97,4
3075,1016,80,2
3076,1017,18,6
3077,1018,38,4
3078,1018,20,7
3079,1018,27,1
3080,1018,31,10
3081,1019,95,6
3082,1019,18,5
3083,1019,41,1
3084,1019,67,7
3085,1020,97,1
3086,1020,30,6
3087,1020,44,4
3088,1021,70,1
3089,1021,86,4
3090,1022,78,7
3091,1022,67,6
3092,1023,57,1
3093,1023,9,8
3094,1024,25,1
3095,1025,27,3
3096,1025,12,3
3097,1026,71,4
3098,1026,31,9
3099,1026,11,7
3100,1026,93,8
3101,1026,40,3
3102,1027,32,7
3103,1027,23,10
3104,1028,39,5
3105,1028,74,8
3106,1029,35,8
3107,1029,11,6
3108,1030,49,3
3109,1030,61,8
3110,1030,55,9
3111,1030,79,7
3112,1031,62,1
3113,1031,98,7
3114,1032,11,5
3115,1032,77,9
3116,1032,20,9
3117,1032,94,3
3118,1033,49,8
3119,1033,40,8
3120,1033,37,7
3121,1034,78,8
3122,1034,10,6
3123,1034,18,8
3124,1034,26,3
3125,1034,25,1
3126,1035,65,6
3127,1036,52,7
3128,1036,51,6
3129,1036,50,8
3130,1036,40,10
3131,1037,53,1
3132,1038,50,10
3133,1039,25,7
3134,1039,33,6
3135,1040,91,8
3136,1040,82,6
3137,1040,90,1
3138,1040,84,7
3139,1040,55,4
3140,1041,62,1
3141,1041,47,1
3142,1042,34,10
3143,1042,59,3
3144,1043,32,10
3145,1043,75,3
3146,1043,2,2
3147,1044,83,7
3148,1045,91,10
3149,1045,11,9
3150,1045,25,7
3151,1045,22,7
3152,1046,89,5
3153,1046,65,9
3154,1046,85,7
3155,1047,40,7
3156,1047,97,2
3157,1047,14,10
3158,1047,100,6
3159,1047,19,5
3160,1048,96,7
3161,1048,90,5
3162,1049,22,8
3163,1050,13,2
3164,1051,68,7
3165,1051,84,5
3166,1051,94,7
3167,1051,22,3
3168,1052,24,3
3169,1052,26,8
3170,1052,24,9
3171,1053,58,10
3172,1054,24,4
3173,1054,8,3
3174,1055,34,7
3175,1055,57,10
3176,1056,82,3
3177,1057,38,2
3178,1058,16,5
3179,1058,9,6
3180,1058,4,10
3181,1058,31,8
3182,1059,87,2
3183,1059,2,1
3184,1059,35,1
3185,1059,86,10
3186,1060,13,4
3187,1061,1,7
3188,1061,78,9
3189,1061,98,5
3190,1061,63,8
3191,1061,97,6
3192,1062,55,6
3193,1062,48,6
3194,1062,41,4
3195,1062,47,7
3196,1062,49,10
3197,1063,46,6
3198,1064,1,8
3199,1065,93,3
3200,1065,4,10
3201,1065,16,9
3202,1065,36,4
3203,1066,58,10
3204,1066,88,8
3205,1066,66,7
3206,1067,1,6
3207,1067,3,6
3208,1068,95,6
3209,1069,30,10
3210,1069,63,7
3211,1069,95,10
3212,1069,11,6
3213,1070,61,2
3214,1070,94,7
3215,1070,38,10
3216,1070,25,3
3217,1071,74,9
3218,1071,5,3
3219,1071,64,2
3220,1071,39,9
3221,1071,60,3
3222,1072,15,8
3223,1072,85,9
3224,1072,31,4
3225,1072,28,3
3226,1073,14,7
3227,1074,21,6
3228,1075,99,5
3229,1075,29,5
3230,1075,86,8
3231,1075,86,2
3232,1076,69,8
3233,1076,12,6
3234,1077,74,10
3235,1077,9,6
3236,1078,92,7
3237,1078,84,9
3238,1078,56,4
3239,1078,29,5
3240,1079,38,2
3241,1080,12,6
3242,1081,25,2
3243,1081,74,6
3244,1081,17,6
3245,1081,49,10
3246,1081,95,1
3247,1082,8,10
3248,1082,69,4
3249,1082,50,7
3250,1083,99,6
3251,1083,87,3
3252,1083,67,10
3253,1084,29,2
3254,1084,51,1
3255,1084,69,8
3256,1084,41,3
3257,1084,38,4
3258,1085,88,8
3259,1085,19,10
3260,1085,37,3
3261,1085,96,1
3262,1086,41,5
3263,1086,65,2
3264,1086,36,10
3265,1086,62,4
3266,1086,64,5
3267,1087,8,6
3268,1087,20,4
3269,1087,94,4
3270,1087,90,1
3271,1088,63,7
3272,1088,39,3
3273,1089,71,7
3274,1090,55,8
3275,1090,45,7
3276,1090,51,2
3277,1091,94,5
3278,1091,37,4
3279,1091,90,9
3280,1091,51,2
3281,1091,17,6
3282,1092,7,5
3283,1092,59,3
3284,1092,74,3
3285,1092,57,8
3286,1092,38,3
3287,1093,28,4
3288,1093,95,1
3289,1094,93,10
3290,1094,14,3
3291,1094,49,7
3292,1095,8,2
3293,1095,46,8
3294,1096,7,2
3295,1096,66,6
3296,1097,56,3
3297,1097,81,7
3298,1097,32,1
3299,1097,16,4
3300,1097,51,8
3301,1098,89,10
3302,1098,23,7
3303,1098,100,2
3304,1099,84,7
3305,1099,36,8
3306,1099,48,1
3307,1099,16,2
3308,1100,16,8
3309,1101,29,1
3310,1101,76,10
3311,1101,74,8
3312,1101,36,2
3313,1101,76,3
3314,1102,62,7
3315,1102,39,10
3316,1102,17,2
3317,1102,42,2
3318,1103,24,7
3319,1103,90,1
3320,1103,51,9
3321,1103,69,9
3322,1103,63,2
3323,1104,75,9
3324,1104,92,2
3325,1104,97,4
3326,1104,85,2
3327,1104,24,10
3328,1105,1,9
3329,1105,58,6
3330,1106,6,3
3331,1107,27,3
3332,1107,12,9
3333,1107,33,1
3334,1107,11,2
3335,1107,65,5
3336,1108,70,3
3337,1108,55,1
3338,1108,32,5
3339,1109,67,5
3340,1110,57,3
3341,1110,74,8
3342,1110,89,6
3343,1110,67,6
3344,1110,78,9
3345,1111,27,2
3346,1111,85,1
3347,1111,31,1
3348,1111,25,3
3349,1111,39,4
3350,1112,78,9
3351,1112,28,10
3352,1113,36,3
3353,1113,94,10
3354,1113,55,2
3355,1114,33,5
3356,1114,49,3
3357,1114,52,8
3358,1114,11,5
3359,1114,87,7
3360,1115,69,4
3361,1115,10,5
3362,1116,92,6
3363,1116,73,9
3364,1117,21,7
3365,1117,20,6
3366,1117,56,7
3367,1117,4,10
3368,1117,32,2
3369,1118,16,9
3370,1118,15,9
3371,1118,53,2
3372,1119,82,2
3373,1119,47,6
3374,1119,100,5
3375,1120,29,5
3376,1120,2,2
3377,1121,29,7
3378,1121,14,2
3379,1121,23,9
3380,1121,94,5
3381,1122,63,2
3382,1122,68,6
3383,1122,90,10
3384,1122,37,9
3385,1122,35,10
3386,1123,7,3
3387,1124,97,7
3388,1124,24,6
3389,1124,95,9
3390,1125,77,7
3391,1125,62,10
3392,1125,17,5
3393,1125,2,9
3394,1125,92,3
3395,1126,19,7
3396,1126,73,5
3397,1127,93,6
3398,1128,87,10
3399,1128,54,8
3400,1129,57,6
3401,1129,60,9
3402,1130,36,7
3403,1130,67,4
3404,1130,40,2
3405,1131,53,6
3406,1131,12,2
3407,1131,10,4
3408,1132,22,10
3409,1133,11,5
3410,1134,64,1
3411,1134,55,9
3412,1134,94,3
3413,1134,62,8
3414,1134,66,9
3415,1135,52,1
3416,1136,25,1
3417,1136,92,7
3418,1136,90,9
3419,1136,96,6
3420,1136,32,9
3421,1137,6,10
3422,1137,58,3
3423,1137,87,9
3424,1137,29,3
3425,1137,10,6
3426,1138,66,6
3427,1138,7,7
3428,1139,49,3
3429,1139,48,2
3430,1139,44,4
3431,1139,70,2
3432,1140,39,8
3433,1140,38,5
3434,1140,28,1
3435,1141,51,4
3436,1141,40,9
3437,1141,5,8
3438,1141,80,8
3439,1141,8,6
3440,1142,79,8
3441,1143,39,6
3442,1143,14,1
3443,1143,45,3
3444,1144,46,1
3445,1144,13,7
3446,1144,63,4
3447,1144,11,9
3448,1145,20,7
3449,1145,16,8
3450,1145,1,3
3451,1145,99,5
3452,1145,29,8
3453,1146,48,5
3454,1146,47,7
3455,1146,24,9
3456,1146,35,2
3457,1147,85,8
3458,1147,21,3
3459,1147,46,7
3460,1147,1,6
3461,1148,15,4
3462,1148,37,1
3463,1149,51,7
3464,1149,96,6
3465,1150,21,4
3466,1151,86,5
3467,1151,16,7
3468,1151,63,9
3469,1151,64,3
3470,1152,97,7
3471,1152,65,7
3472,1152,17,2
3473,1153,3,3
3474,1154,45,9
3475,1154,2,4
3476,1155,87,6
3477,1156,77,1
3478,1156,56,8
3479,1156,38,5
3480,1156,63,2
3481,1157,32,10
3482,1157,20,9
3483,1157,24,4
3484,1157,36,2
3485,1158,90,4
3486,1158,86,7
3487,1158,26,8
3488,1159,90,9
3489,1160,24,4
3490,1160,76,3
3491,1160,30,2
3492,1160,17,7
3493,1160,5,5
3494,1161,19,7
3495,1161,3,10
3496,1162,12,1
3497,1162,49,7
3498,1163,40,4
3499,1163,29,6
3500,1163,55,8
3501,1163,8,9
3502,1163,55,1
3503,1164,15,5
3504,1164,47,5
3505,1164,45,7
3506,1165,41,1
3507,1165,24,1
3508,1166,7,6
3509,1167,37,8
3510,1167,36,10
3511,1168,56,3
3512,1169,63,6
3513,1169,43,5
3514,1169,15,2
3515,1170,88,9
3516,1171,43,6
3517,1171,95,6
3518,1172,68,10
3519,1172,48,4
3520,1172,84,5
3521,1172,27,10
3522,1172,50,2
3523,1173,17,10
3524,1174,6,10
3525,1175,25,8
3526,1175,13,2
3527,1176,80,6
3528,1176,39,8
3529,1176,98,4
3530,1176,69,3
3531,1176,6,3
3532,1177,54,9
3533,1177,92,5
3534,1178,45,6
3535,1178,58,2
3536,1178,56,2
3537,1178,62,7
3538,1178,68,9
3539,1179,22,10
3540,1180,90,3
3541,1180,38,1
3542,1180,73,1
3543,1181,95,7
3544,1181,64,9
3545,1182,10,3
3546,1182,57,9
3547,1182,50,9
3548,1182,100,7
3549,1182,52,10
3550,1183,27,3
3551,1183,1,3
3552,1183,74,4
3553,1184,90,1
3554,1184,66,8
3555,1184,65,9
3556,1184,34,5
3557,1184,29,5
3558,1185,71,2
3559,1185,22,4
3560,1185,6,9
3561,1186,38,1
3562,1186,82,3
3563,1187,18,5
3564,1187,7,4
3565,1187,27,9
3566,1188,1,6
3567,1189,48,6
3568,1189,11,9
3569,1189,34,3
3570,1189,53,10
3571,1189,38,6
3572,1190,81,1
3573,1191,29,5
3574,1191,23,5
3575,1191,3,9
3576,1192,14,7
3577,1192,84,5
3578,1192,81,10
3579,1192,71,4
3580,1192,57,4
3581,1193,35,4
3582,1193,75,7
3583,1193,20,8
3584,1194,94,7
3585,1194,48,3
3586,1195,12,8
3587,1195,24,8
3588,1195,24,3
3589,1195,25,10
3590,1196,94,3
3591,1196,83,5
3592,1196,3,5
3593,1196,21,3
3594,1197,88,10
3595,1197,25,2
3596,1197,19,2
3597,1197,55,4
3598,1198,83,7
3599,1198,13,9
3600,1198,18,1
3601,1198,78,2
3602,1199,50,1
3603,1199,15,1
3604,1199,98,1
3605,1199,17,4
3606,1200,35,3
3607,1201,2,1
3608,1201,14,9
3609,1201,95,6
3610,1201,91,2
3611,1201,26,3
3612,1202,98,10
3613,1202,57,3
3614,1202,40,6
3615,1202,62,3
3616,1203,8,9
3617,1203,89,5
3618,1204,16,1
3619,1204,6,2
3620,1204,70,5
3621,1204,14,9
3622,1204,54,3
3623,1205,29,1
3624,1206,55,7
3625,1206,19,6
3626,1207,29,7
3627,1207,88,2
3628,1207,63,3
3629,1208,29,2
3630,1209,46,2
3631,1209,79,6
3632,1209,16,6
3633,1210,6,10
3634,1211,23,7
3635,1211,68,6
3636,1212,24,7
3637,1212,20,5
3638,1212,80,5
3639,1212,45,2
3640,1212,35,8
3641,1213,34,2
3642,1213,1,3
3643,1213,100,3
3644,1214,19,7
3645,1214,58,8
3646,1214,9,2
3647,1215,55,5
3648,1215,19,2
3649,1215,42,3
3650,1215,24,7
3651,1215,46,6
3652,1216,55,8
3653,1216,89,7
3654,1216,78,6
3655,1216,18,4
3656,1217,54,9
3657,1217,64,9
3658,1217,69,8
3659,1217,69,9
3660,1218,50,2
3661,1218,75,7
3662,1219,74,4
3663,1219,90,2
3664,1219,31,6
3665,1219,1,4
3666,1219,3,6
3667,1220,61,3
3668,1220,15,1
3669,1220,45,6
3670,1220,100,3
3671,1220,38,8
3672,1221,71,7
3673,1221,32,4
3674,1222,8,3
3675,1222,16,3
3676,1223,94,1
3677,1223,90,7
3678,1223,48,1
3679,1223,90,2
3680,1224,10,8
3681,1224,77,3
3682,1224,4,3
3683,1224,47,3
3684,1224,11,4
3685,1225,2,10
3686,1226,20,3
3687,1226,61,3
3688,1226,96,9
3689,1226,90,5
3690,1227,53,6
3691,1227,57,1
3692,1227,37,2
3693,1227,20,1
3694,1228,78,3
3695,1229,21,1
3696,1229,51,7
3697,1229,88,8
3698,1229,71,5
3699,1229,74,9
3700,1230,91,4
3701,1230,55,3
3702,1230,35,2
3703,1231,49,3
3704,1231,96,4
3705,1231,52,10
3706,1231,8,4
3707,1231,51,3
3708,1232,78,2
3709,1232,89,8
3710,1232,62,6
3711,1232,84,7
3712,1232,49,3
3713,1233,48,7
3714,1234,35,2
3715,1234,14,2
3716,1235,78,6
3717,1235,4,4
3718,1235,37,3
3719,1236,14,2
3720,1236,28,10
3721,1236,2,5
3722,1236,25,9
3723,1236,26,1
3724,1237,35,2
3725,1237,73,10
3726,1238,73,8
3727,1239,7,6
3728,1240,40,1
3729,1241,97,5
3730,1241,51,9
3731,1241,25,6
3732,1242,93,6
3733,1242,17,2
3734,1242,43,7
3735,1242,95,9
3736,1243,65,3
3737,1244,76,7
3738,1245,76,1
3739,1245,38,3
3740,1245,20,8
3741,1245,11,2
3742,1246,28,3
3743,1246,99,3
3744,1247,67,10
3745,1247,84,9
3746,1247,99,6
3747,1247,58,3
3748,1247,44,5
3749,1248,80,7
3750,1248,6,7
3751,1248,31,4
3752,1249,78,2
3753,1249,20,10
3754,1249,81,8
3755,1249,13,1
3756,1249,19,5
3757,1250,12,8
3758,1250,13,8
3759,1250,41,3
3760,1250,38,3
3761,1250,9,5
3762,1251,47,6
3763,1251,12,2
3764,1251,23,8
3765,1251,34,8
3766,1251,33,8
3767,1252,16,10
3768,1252,63,1
3769,1253,37,7
3770,1253,53,10
3771,1253,88,3
3772,1254,47,9
3773,1254,80,6
3774,1254,48,2
3775,1254,88,7
3776,1255,58,5
3777,1255,88,1
3778,1255,80,1
3779,1255,95,4
3780,1255,90,9
3781,1256,20,2
3782,1257,49,3
3783,1257,73,7
3784,1257,10,4
3785,1258,60,2
3786,1258,45,8
3787,1258,60,9
3788,1258,60,2
3789,1259,24,2
3790,1260,99,7
3791,1260,26,7
3792,1260,43,2
3793,1260,41,6
3794,1261,63,4
3795,1261,90,8
3796,1261,15,5
3797,1261,59,1
3798,1261,70,3
3799,1262,19,4
3800,1262,41,10
3801,1262,5,10
3802,1262,100,7
3803,1263,47,7
3804,1264,28,1
3805,1264,28,1
3806,1264,98,7
3807,1264,35,5
3808,1265,11,3
3809,1265,9,5
3810,1266,11,5
3811,1266,92,8
3812,1266,54,9
3813,1266,28,5
3814,1267,7,2
3815,1267,55,6
3816,1268,22,4
3817,1268,45,7
3818,1268,62,8
3819,1269,89,3
3820,1269,90,7
3821,1269,46,10
3822,1269,50,1
3823,1269,72,10
3824,1270,10,10
3825,1270,79,3
3826,1271,86,6
3827,1271,2,3
3828,1271,59,3
3829,1272,41,2
3830,1272,87,7
3831,1272,34,9
3832,1272,93,1
3833,1273,17,8
3834,1273,82,10
3835,1273,13,1
3836,1273,28,4
3837,1274,90,9
3838,1274,100,3
3839,1274,77,7
3840,1274,28,6
3841,1275,25,10
3842,1275,2,6
3843,1276,3,5
3844,1276,40,9
3845,1276,16,8
3846,1277,53,7
3847,1277,46,6
3848,1277,70,7
3849,1277,67,6
3850,1278,23,8
3851,1279,48,3
3852,1279,71,10
3853,1279,21,9
3854,1279,56,7
3855,1280,85,7
3856,1280,82,5
3857,1280,90,10
3858,1281,12,2
3859,1282,84,1
3860,1283,53,2
3861,1283,64,10
3862,1283,70,2
3863,1283,82,8
3864,1283,65,10
3865,1284,86,5
3866,1285,28,4
3867,1285,100,8
3868,1285,71,7
3869,1285,15,4
3870,1286,16,6
3871,1286,60,7
3872,1286,83,7
3873,1286,1,6
3874,1287,65,5
3875,1287,35,5
3876,1288,54,4
3877,1288,1,7
3878,1288,5,1
3879,1289,20,6
3880,1290,95,10
3881,1290,41,6
3882,1290,22,10
3883,1290,56,4
3884,1290,72,7
3885,1291,79,7
3886,1291,7,10
3887,1292,17,7
3888,1292,94,3
3889,1292,52,6
3890,1292,67,3
3891,1293,30,2
3892,1293,91,3
3893,1293,65,2
3894,1293,81,10
3895,1294,98,5
3896,1294,71,3
3897,1294,42,4
3898,1294,12,2
3899,1295,56,1
3900,1296,20,1
3901,1296,80,9
3902,1296,11,10
3903,1296,49,1
3904,1296,96,3
3905,1297,82,6
3906,1297,24,4
3907,1297,84,4
3908,1297,39,4
3909,1298,32,7
3910,1298,99,5
3911,1298,85,1
3912,1298,36,2
3913,1298,19,1
3914,1299,14,2
3915,1299,59,10
3916,1299,16,2
3917,1299,19,5
3918,1299,34,3
3919,1300,10,8
3920,1301,27,7
3921,1301,13,8
3922,1301,3,7
3923,1302,63,2
3924,1303,88,7
3925,1303,49,6
3926,1304,21,3
3927,1304,39,1
3928,1304,23,10
3929,1304,81,10
3930,1305,16,6
3931,1306,62,10
3932,1306,77,9
3933,1306,1,3
3934,1307,95,5
3935,1307,16,4
3936,1307,78,1
3937,1307,69,1
3938,1307,67,9
3939,1308,28,6
3940,1308,15,4
3941,1309,42,3
3942,1310,11,3
3943,1310,35,5
3944,1311,26,2
3945,1311,45,9
3946,1311,84,5
3947,1311,60,8
3948,1312,66,7
3949,1312,25,5
3950,1312,23,4
3951,1312,88,5
3952,1313,14,10
3953,1313,99,10
3954,1313,40,3
3955,1313,27,8
3956,1314,58,7
3957,1314,77,5
3958,1314,41,10
3959,1314,14,10
3960,1315,55,4
3961,1315,73,6
3962,1315,48,2
3963,1315,58,3
3964,1316,66,5
3965,1317,53,5
3966,1317,78,9
3967,1317,46,7
3968,1317,4,2
3969,1317,24,6
3970,1318,24,6
3971,1318,32,2
3972,1318,28,6
3973,1318,48,3
3974,1319,16,1
3975,1319,41,1
3976,1319,92,6
3977,1320,60,10
3978,1320,42,4
3979,1321,9,7
3980,1321,37,10
3981,1321,28,9
3982,1321,28,2
3983,1321,72,5
3984,1322,86,2
3985,1322,74,7
3986,1322,88,7
3987,1322,41,6
3988,1322,26,4
3989,1323,64,8
3990,1324,36,7
3991,1325,16,8
3992,1326,77,6
3993,1326,76,7
3994,1327,74,1
3995,1327,37,1
3996,1328,1,8
3997,1328,37,3
3998,1328,52,1
3999,1328,69,9
4000,1328,6,6
4001,1329,9,8
4002,1330,54,5
4003,1331,41,6
4004,1331,52,2
4005,1331,72,6
4006,1332,79,1
4007,1332,51,5
4008,1332,90,8
4009,1332,64,2
4010,1333,80,2
4011,1333,4,4
4012,1333,7,1
4013,1334,14,6
4014,1334,89,7
4015,1335,22,2
4016,1335,25,6
4017,1336,1,1
4018,1336,34,1
4019,1336,15,1
4020,1336,39,2
4021,1336,34,6
4022,1337,49,5
4023,1337,90,3
4024,1337,18,10
4025,1337,59,2
4026,1337,17,6
4027,1338,97,10
4028,1338,53,8
4029,1339,67,9
4030,1340,74,8
4031,1340,85,8
4032,1341,42,8
4033,1341,29,2
4034,1341,34,5
4035,1342,46,9
4036,1343,85,4
4037,1343,89,2
4038,1344,64,1
4039,1345,2,4
4040,1345,60,7
4041,1346,63,2
4042,1346,44,4
4043,1347,98,9
4044,1347,66,6
4045,1347,98,5
4046,1347,91,8
4047,1347,84,3
4048,1348,14,3
4049,1348,29,6
4050,1348,50,8
4051,1348,80,9
4052,1348,26,7
4053,1349,9,5
4054,1349,55,3
4055,1350,74,2
4056,1350,19,8
4057,1350,14,2
4058,1351,3,8
4059,1351,24,5
4060,1352,61,9
4061,1353,46,5
4062,1353,16,9
4063,1353,11,6
4064,1353,56,4
4065,1354,51,9
4066,1354,56,9
4067,1355,7,8
4068,1355,35,6
4069,1355,13,1
4070,1356,94,7
4071,1356,25,5
4072,1356,25,7
4073,1356,23,10
4074,1357,68,10
4075,1357,64,9
4076,1357,56,2
4077,1358,83,4
4078,1359,29,2
4079,1360,5,10
4080,1361,31,2
4081,1361,69,2
4082,1361,36,4
4083,1362,90,7
4084,1362,51,7
4085,1362,13,4
4086,1362,94,5
4087,1362,64,4
4088,1363,27,6
4089,1363,82,5
4090,1364,37,1
4091,1364,13,3
4092,1364,65,10
4093,1364,62,5
4094,1364,89,4
4095,1365,41,2
4096,1365,22,3
4097,1366,59,3
4098,1366,2,8
4099,1366,55,6
4100,1367,23,5
4101,1368,22,1
4102,1369,46,8
4103,1369,75,1
4104,1369,63,4
4105,1369,61,2
4106,1369,6,1
4107,1370,88,5
4108,1370,30,9
4109,1370,65,3
4110,1370,97,3
4111,1370,100,2
4112,1371,39,6
4113,1372,63,6
4114,1372,70,5
4115,1372,85,8
4116,1372,33,6
4117,1373,2,6
4118,1373,39,6
4119,1373,67,10
4120,1373,62,2
4121,1374,88,9
4122,1374,94,1
4123,1374,19,7
4124,1375,85,3
4125,1375,46,8
4126,1376,32,10
4127,1377,47,4
4128,1377,96,2
4129,1377,25,7
4130,1377,82,2
4131,1378,81,9
4132,1378,58,9
4133,1378,23,5
4134,1379,43,7
4135,1379,76,7
4136,1379,36,5
4137,1380,6,10
4138,1380,67,6
4139,1381,16,7
4140,1381,59,10
4141,1381,45,5
4142,1381,15,1
4143,1381,64,3
4144,1382,88,3
4145,1382,67,5
4146,1382,80,9
4147,1382,86,3
4148,1383,63,5
4149,1383,9,5
4150,1383,2,8
4151,1384,28,5
4152,1385,16,1
4153,1385,63,5
4154,1385,1,7
4155,1385,46,1
4156,1385,7,5
4157,1386,45,5
4158,1386,65,9
4159,1387,12,5
4160,1387,19,4
4161,1388,75,2
4162,1388,38,4
4163,1388,5,8
4164,1388,46,4
4165,1389,55,7
4166,1389,13,5
4167,1389,39,10
4168,1389,40,3
4169,1390,56,6
4170,1390,75,3
4171,1390,88,4
4172,1390,33,3
4173,1390,54,9
4174,1391,39,5
4175,1391,11,5
4176,1392,81,8
4177,1392,70,3
4178,1392,49,7
4179,1392,13,3
4180,1392,68,8
4181,1393,65,6
4182,1393,60,6
4183,1393,55,8
4184,1394,53,8
4185,1394,4,9
4186,1394,4,7
4187,1394,12,3
4188,1395,39,4
4189,1395,75,9
4190,1395,48,3
4191,1395,80,9
4192,1395,73,5
4193,1396,97,7
4194,1397,52,1
4195,1397,60,9
4196,1398,7,2
4197,1398,8,5
4198,1398,84,2
4199,1398,43,10
4200,1399,38,10
4201,1400,89,6
4202,1400,8,2
4203,1400,95,10
4204,1400,87,9
4205,1401,90,4
4206,1402,19,9
4207,1402,95,8
4208,1402,18,4
4209,1402,87,3
4210,1402,39,5
4211,1403,63,10
4212,1404,15,2
4213,1404,1,3
4214,1405,16,9
4215,1405,13,4
4216,1405,27,2
4217,1405,61,1
4218,1405,65,8
4219,1406,8,2
4220,1406,39,7
4221,1406,62,3
4222,1406,31,9
4223,1407,79,8
4224,1407,85,10
4225,1407,16,7
4226,1408,82,1
4227,1408,24,3
4228,1409,22,9
4229,1409,95,9
4230,1410,61,8
4231,1410,38,5
4232,1411,76,8
4233,1412,86,5
4234,1412,51,7
4235,1412,90,2
4236,1413,54,7
4237,1413,19,1
4238,1413,37,8
4239,1413,16,10
4240,1414,2,10
4241,1414,39,1
4242,1414,83,10
4243,1414,57,1
4244,1415,18,8
4245,1415,93,8
4246,1415,36,1
4247,1416,46,9
4248,1416,65,4
4249,1417,91,9
4250,1417,50,9
4251,1417,9,3
4252,1418,46,10
4253,1418,44,8
4254,1419,36,5
4255,1419,51,2
4256,1420,49,8
4257,1420,78,3
4258,1420,74,9
4259,1420,100,9
4260,1421,17,6
4261,1421,76,10
4262,1421,45,10
4263,1422,52,2
4264,1422,6,1
4265,1422,94,3
4266,1422,30,2
4267,1422,86,2
4268,1423,87,8
4269,1423,42,4
4270,1423,99,4
4271,1423,14,3
4272,1424,97,7
4273,1424,9,1
4274,1424,79,5
4275,1424,15,1
4276,1425,57,6
4277,1426,81,1
4278,1426,23,6
4279,1426,14,8
4280,1426,49,3
4281,1426,82,10
4282,1427,26,4
4283,1427,33,8
4284,1427,57,5
4285,1427,29,4
4286,1427,95,3
4287,1428,68,4
4288,1428,12,10
4289,1428,4,2
4290,1428,27,1
4291,1429,1,6
4292,1429,100,7
4293,1430,70,2
4294,1430,44,3
4295,1430,88,9
4296,1430,64,4
4297,1430,27,10
4298,1431,65,6
4299,1431,46,10
4300,1431,72,3
4301,1431,9,8
4302,1432,81,7
4303,1432,10,10
4304,1432,11,3
4305,1432,67,5
4306,1433,16,8
4307,1434,7,10
4308,1434,70,6
4309,1435,29,5
4310,1436,50,6
4311,1436,9,3
4312,1436,37,2
4313,1437,74,4
4314,1437,67,10
4315,1437,65,5
4316,1437,52,10
4317,1437,8,9
4318,1438,75,8
4319,1439,84,1
4320,1439,5,6
4321,1439,54,5
4322,1440,43,1
4323,1440,18,4
4324,1441,94,6
4325,1441,97,1
4326,1441,31,8
4327,1441,10,10
4328,1441,79,1
4329,1442,10,7
4330,1442,77,10
4331,1442,11,9
4332,1443,17,5
4333,1443,93,1
4334,1443,14,1
4335,1443,64,9
4336,1444,84,6
4337,1444,56,8
4338,1445,30,1
4339,1445,8,1
4340,1445,100,4
4341,1446,78,7
4342,1446,88,1
4343,1446,71,8
4344,1446,7,7
4345,1446,99,7
4346,1447,56,7
4347,1447,71,3
4348,1448,57,2
4349,1449,48,6
4350,1449,25,6
4351,1449,56,1
4352,1449,31,4
4353,1449,12,10
4354,1450,30,7
4355,1451,73,1
4356,1451,2,4
4357,1451,8,2
4358,1451,8,3
4359,1451,57,3
4360,1452,6,6
4361,1452,45,10
4362,1452,84,4
4363,1453,17,10
4364,1453,51,8
4365,1453,85,2
4366,1454,10,5
4367,1455,27,8
4368,1455,91,6
4369,1455,29,8
4370,1455,92,5
4371,1455,47,9
4372,1456,84,4
4373,1456,68,5
4374,1456,41,9
4375,1457,14,1
4376,1457,45,7
4377,1457,91,10
4378,1457,63,5
4379,1457,11,4
4380,1458,67,4
4381,1458,40,9
4382,1459,16,6
4383,1459,93,3
4384,1460,31,8
4385,1461,15,1
4386,1461,64,1
4387,1461,35,5
4388,1461,76,7
4389,1462,11,1
4390,1462,36,10
4391,1462,50,8
4392,1463,49,7
4393,1464,6,4
4394,1464,27,7
4395,1464,24,7
4396,1464,69,1
4397,1465,5,9
4398,1465,98,6
4399,1465,4,10
4400,1466,34,10
4401,1466,28,1
4402,1466,44,10
4403,1467,55,1
4404,1467,14,9
4405,1467,50,5
4406,1467,69,8
4407,1468,74,10
4408,1468,99,9
4409,1468,34,3
4410,1468,49,8
4411,1469,17,1
4412,1469,36,5
4413,1470,32,9
4414,1471,44,10
4415,1471,51,1
4416,1471,79,5
4417,1472,35,5
4418,1472,84,10
4419,1472,2,2
4420,1473,73,6
4421,1473,34,3
4422,1473,57,8
4423,1474,57,1
4424,1475,5,6
4425,1475,62,9
4426,1475,28,7
4427,1475,8,10
4428,1476,36,10
4429,1477,41,2
4430,1477,57,3
4431,1477,34,5
4432,1477,34,8
4433,1477,17,4
4434,1478,19,10
4435,1478,84,1
4436,1479,15,1
4437,1479,24,9
4438,1480,75,6
4439,1480,6,9
4440,1480,92,4
4441,1480,8,5
4442,1481,3,6
4443,1481,70,1
4444,1481,77,4
4445,1482,14,2
4446,1482,65,8
4447,1482,15,9
4448,1483,31,4
4449,1484,74,6
4450,1484,88,7
4451,1484,10,7
4452,1485,19,1
4453,1485,42,10
4454,1485,47,6
4455,1486,84,6
4456,1486,61,5
4457,1486,80,1
4458,1486,21,6
4459,1487,38,3
4460,1488,4,2
4461,1488,78,4
4462,1488,41,9
4463,1488,92,9
4464,1488,75,6
4465,1489,49,10
4466,1489,5,3
4467,1490,98,2
4468,1490,10,4
4469,1490,73,9
4470,1490,74,9
4471,1491,69,2
4472,1491,68,1
4473,1491,78,8
4474,1491,85,9
4475,1492,57,6
4476,1492,35,4
4477,1492,74,5
4478,1492,32,6
4479,1492,32,6
4480,1493,59,6
4481,1493,96,2
4482,1494,57,7
4483,1494,47,2
4484,1495,72,9
4485,1495,10,6
4486,1495,84,8
4487,1496,30,8
4488,1496,54,4
4489,1496,73,3
4490,1496,69,4
4491,1496,100,7
4492,1497,86,3
4493,1497,78,5
4494,1497,37,6
4495,1497,41,2
4496,1497,11,7
4497,1498,65,3
4498,1498,74,8
4499,1498,81,4
4500,1498,24,8
4501,1499,22,2
4502,1500,34,9
4503,1500,92,8
4504,1500,96,2
4505,1500,17,1
4506,1501,4,3
4507,1501,10,3
4508,1501,66,9
4509,1501,50,7
4510,1502,17,7
4511,1502,90,9
4512,1502,31,5
4513,1503,44,6
4514,1504,78,10
4515,1504,14,1
4516,1504,10,6
4517,1504,58,7
4518,1504,81,8
4519,1505,38,8
4520,1505,90,3
4521,1505,94,3
4522,1505,93,10
4523,1506,11,3
4524,1506,1,10
4525,1506,76,6
4526,1506,87,8
4527,1506,49,6
4528,1507,23,9
4529,1507,93,10
4530,1507,36,2
4531,1507,30,5
4532,1508,44,1
4533,1508,73,9
4534,1508,68,10
4535,1508,66,7
4536,1509,42,7
4537,1509,41,3
4538,1509,19,1
4539,1510,56,9
4540,1510,36,10
4541,1511,41,2
4542,1511,45,5
4543,1511,22,2
4544,1511,37,5
4545,1511,63,8
4546,1512,22,5
4547,1512,34,10
4548,1513,30,5
4549,1514,13,4
4550,1514,71,9
4551,1515,4,10
4552,1515,6,9
4553,1516,25,1
4554,1516,63,1
4555,1516,48,4
4556,1516,37,10
4557,1516,55,8
4558,1517,17,8
4559,1517,38,2
4560,1517,92,2
4561,1517,57,7
4562,1517,64,5
4563,1518,18,5
4564,1519,46,2
4565,1520,94,2
4566,1520,42,3
4567,1521,43,5
4568,1521,59,9
4569,1521,87,2
4570,1521,91,6
4571,1521,5,7
4572,1522,91,9
4573,1523,25,9
4574,1523,85,1
4575,1523,82,1
4576,1524,18,10
4577,1524,49,4
4578,1525,34,8
4579,1525,20,8
4580,1526,94,8
4581,1526,37,3
4582,1527,82,2
4583,1527,67,4
4584,1528,56,2
4585,1529,72,10
4586,1529,27,3
4587,1529,5,7
4588,1529,89,5
4589,1530,49,10
4590,1530,31,6
4591,1530,62,9
4592,1530,85,3
4593,1530,39,4
4594,1531,86,8
4595,1531,63,7
4596,1531,77,6
4597,1532,62,5
4598,1532,13,4
4599,1532,15,5
4600,1532,54,8
4601,1532,42,4
4602,1533,15,3
4603,1533,60,6
4604,1533,85,2
4605,1533,45,7
4606,1534,100,8
4607,1534,63,10
4608,1535,88,4
4609,1535,4,5
4610,1535,35,9
4611,1535,28,7
4612,1536,72,6
4613,1537,87,6
4614,1537,53,7
4615,1537,57,7
4616,1538,34,1
4617,1538,35,8
4618,1538,94,4
4619,1538,44,1
4620,1539,58,7
4621,1539,29,10
4622,1539,22,9
4623,1540,100,2
4624,1540,79,10
4625,1541,17,10
4626,1541,70,1
4627,1541,93,1
4628,1542,12,6
4629,1542,46,9
4630,1542,9,1
4631,1542,67,4
4632,1543,69,4
4633,1543,21,9
4634,1543,51,4
4635,1544,21,6
4636,1544,43,7
4637,1544,28,9
4638,1545,2,1
4639,1545,3,9
4640,1546,65,7
4641,1547,6,3
4642,1547,37,5
4643,1547,4,4
4644,1547,81,4
4645,1548,35,2
4646,1549,84,7
4647,1549,17,5
4648,1549,11,2
4649,1549,10,9
4650,1550,3,1
4651,1550,96,9
4652,1550,78,3
4653,1550,13,10
4654,1551,25,10
4655,1551,40,6
4656,1551,55,9
4657,1551,96,1
4658,1552,36,8
4659,1552,26,2
4660,1552,34,10
4661,1553,49,5
4662,1553,55,2
4663,1553,29,7
4664,1553,72,5
4665,1554,37,9
4666,1554,65,4
4667,1554,49,1
4668,1554,64,7
4669,1555,98,9
4670,1555,92,2
4671,1555,58,4
4672,1556,4,7
4673,1556,99,4
4674,1556,58,6
4675,1556,62,10
4676,1556,14,5
4677,1557,19,2
4678,1557,13,9
4679,1557,22,4
4680,1558,76,4
4681,1558,11,3
4682,1558,52,10
4683,1558,61,9
4684,1559,98,4
4685,1559,8,8
4686,1559,33,7
4687,1559,40,6
4688,1559,20,1
4689,1560,89,10
4690,1560,77,7
4691,1560,1,5
4692,1561,97,9
4693,1561,63,9
4694,1562,41,4
4695,1562,42,8
4696,1562,91,8
4697,1562,66,9
4698,1563,14,7
4699,1564,49,3
4700,1565,21,9
4701,1566,22,4
4702,1567,15,1
4703,1567,55,8
4704,1567,22,9
4705,1567,63,3
4706,1568,54,7
4707,1568,2,5
4708,1568,16,7
4709,1568,38,5
4710,1568,67,6
4711,1569,48,10
4712,1569,84,3
4713,1569,19,5
4714,1569,67,4
4715,1569,79,6
4716,1570,78,5
4717,1570,61,8
4718,1570,27,6
4719,1570,96,3
4720,1570,22,9
4721,1571,2,6
4722,1571,54,3
4723,1571,20,8
4724,1571,9,1
4725,1572,90,4
4726,1572,26,2
4727,1572,69,8
4728,1573,13,1
4729,1573,80,8
4730,1573,77,3
4731,1574,45,9
4732,1575,45,1
4733,1575,25,5
4734,1576,55,10
4735,1576,94,5
4736,1576,48,10
4737,1577,33,9
4738,1577,70,4
4739,1577,10,10
4740,1577,20,2
4741,1578,36,3
4742,1578,34,10
4743,1579,17,9
4744,1580,83,7
4745,1580,43,10
4746,1580,99,10
4747,1580,78,5
4748,1580,95,10
4749,1581,27,3
4750,1581,1,4
4751,1581,28,2
4752,1581,79,3
4753,1582,22,8
4754,1582,1,6
4755,1583,7,3
4756,1584,57,7
4757,1584,86,8
4758,1584,42,5
4759,1584,65,2
4760,1584,31,9
4761,1585,49,7
4762,1585,91,8
4763,1585,46,5
4764,1585,67,6
4765,1586,11,10
4766,1586,28,3
4767,1586,82,5
4768,1586,92,3
4769,1586,56,9
4770,1587,63,5
4771,1587,88,2
4772,1587,72,7
4773,1587,84,6
4774,1588,4,6
4775,1588,60,6
4776,1589,28,10
4777,1589,72,4
4778,1589,49,6
4779,1589,23,1
4780,1590,57,6
4781,1590,68,4
4782,1591,76,5
4783,1592,13,6
4784,1592,33,9
4785,1592,2,10
4786,1593,5,5
4787,1593,83,8
4788,1593,51,1
4789,1594,36,1
4790,1594,74,1
4791,1594,92,8
4792,1595,81,8
4793,1595,63,3
4794,1595,61,9
4795,1595,14,1
4796,1595,48,1
4797,1596,92,3
4798,1596,91,3
4799,1596,17,2
4800,1596,54,2
4801,1596,8,8
4802,1597,41,2
4803,1598,36,4
4804,1598,84,10
4805,1598,95,1
4806,1598,43,6
4807,1598,91,3
4808,1599,93,6
4809,1599,67,1
4810,1599,86,7
4811,1599,54,1
4812,1599,9,4
4813,1600,19,5
4814,1600,11,3
4815,1600,57,1
4816,1600,36,10
4817,1600,26,9
4818,1601,23,1
4819,1601,40,5
4820,1601,72,6
4821,1601,16,6
4822,1602,73,2
4823,1602,73,8
4824,1602,12,2
4825,1602,12,3
4826,1603,24,6
4827,1604,81,1
4828,1604,99,3
4829,1604,2,4
4830,1604,82,6
4831,1604,59,2
4832,1605,40,4
4833,1605,96,3
4834,1606,7,7
4835,1606,91,5
4836,1606,23,5
4837,1607,73,6
4838,1607,53,4
4839,1608,35,4
4840,1608,23,5
4841,1609,90,8
4842,1609,34,2
4843,1609,63,6
4844,1610,47,6
4845,1610,99,9
4846,1610,58,3
4847,1610,5,10
4848,1610,50,3
4849,1611,73,4
4850,1611,90,7
4851,1611,45,5
4852,1611,27,6
4853,1611,90,9
4854,1612,96,5
4855,1612,12,9
4856,1612,99,4
4857,1612,34,4
4858,1612,60,5
4859,1613,15,9
4860,1614,61,3
4861,1614,60,10
4862,1615,48,10
4863,1615,49,10
4864,1615,5,6
4865,1616,81,6
4866,1617,21,7
4867,1618,43,6
4868,1618,83,2
4869,1618,24,6
4870,1618,40,3
4871,1619,70,3
4872,1619,97,1
4873,1619,57,10
4874,1619,59,10
4875,1620,89,7
4876,1620,94,7
4877,1620,61,4
4878,1620,33,6
4879,1620,77,6
4880,1621,87,7
4881,1621,39,1
4882,1621,30,9
4883,1621,14,7
4884,1622,100,5
4885,1622,74,7
4886,1622,76,1
4887,1622,21,9
4888,1623,39,10
4889,1623,90,9
4890,1624,73,3
4891,1624,17,6
4892,1625,12,5
4893,1626,45,8
4894,1626,51,3
4895,1627,1,3
4896,1627,26,3
4897,1627,39,5
4898,1627,11,3
4899,1628,27,7
4900,1628,12,4
4901,1629,88,9
4902,1629,100,6
4903,1630,62,3
4904,1631,13,8
4905,1631,71,7
4906,1631,90,4
4907,1632,86,7
4908,1632,60,4
4909,1632,98,2
4910,1632,50,3
4911,1633,98,3
4912,1633,52,6
4913,1633,37,7
4914,1634,51,9
4915,1634,10,6
4916,1634,63,10
4917,1634,4,4
4918,1634,78,3
4919,1635,48,6
4920,1635,44,9
4921,1636,79,10
4922,1637,10,4
4923,1637,18,8
4924,1637,25,1
4925,1637,28,5
4926,1638,12,6
4927,1638,50,3
4928,1638,55,3
4929,1638,37,5
4930,1639,87,8
4931,1639,5,5
4932,1639,54,3
4933,1639,21,7
4934,1640,14,8
4935,1640,11,6
4936,1640,88,2
4937,1640,84,7
4938,1640,2,3
4939,1641,17,10
4940,1641,65,7
4941,1641,88,8
4942,1642,63,7
4943,1643,99,1
4944,1643,39,7
4945,1643,34,2
4946,1643,78,8
4947,1644,48,8
4948,1644,92,6
4949,1644,69,6
4950,1644,15,3
4951,1644,55,9
4952,1645,87,2
4953,1645,20,1
4954,1645,44,10
4955,1645,34,4
4956,1646,79,8
4957,1646,56,1
4958,1646,60,5
4959,1646,6,2
4960,1646,63,8
4961,1647,7,10
4962,1647,88,6
4963,1647,33,7
4964,1648,87,5
4965,1648,99,1
4966,1648,70,5
4967,1649,38,6
4968,1649,54,1
4969,1650,42,5
4970,1650,82,1
4971,1650,77,2
4972,1650,46,1
4973,1651,95,7
4974,1651,32,3
4975,1651,11,9
4976,1651,13,3
4977,1651,94,3
4978,1652,56,5
4979,1652,45,8
4980,1652,89,10
4981,1652,32,9
4982,1653,59,1
4983,1653,10,6
4984,1653,48,1
4985,1653,19,10
4986,1653,93,2
4987,1654,66,2
4988,1654,44,5
4989,1654,55,7
4990,1654,3,3
4991,1655,93,2
4992,1655,56,2
4993,1655,25,10
4994,1656,39,10
4995,1656,66,9
4996,1656,32,1
4997,1657,74,8
4998,1657,28,7
4999,1657,36,3
5000,1658,65,1
5001,1658,78,7
5002,1658,24,5
5003,1659,1,7
5004,1659,27,1
5005,1659,54,3
5006,1660,35,8
5007,1660,77,6
5008,1660,13,4
5009,1661,3,6
5010,1661,29,2
5011,1662,37,10
5012,1662,59,10
5013,1662,54,10
5014,1662,43,9
5015,1662,50,8
5016,1663,2,6
5017,1663,44,6
5018,1663,45,8
5019,1663,20,8
5020,1663,96,8
5021,1664,69,3
5022,1664,87,7
5023,1665,52,1
5024,1665,85,10
5025,1665,11,8
5026,1666,45,2
5027,1666,27,9
5028,1666,48,5
5029,1666,38,6
5030,1666,58,8
5031,1667,20,10
5032,1668,22,10
5033,1668,46,10
5034,1668,56,7
5035,1668,98,1
5036,1668,97,5
5037,1669,96,8
5038,1669,31,7
5039,1669,69,3
5040,1669,49,10
5041,1669,16,2
5042,1670,28,4
5043,1670,15,10
5044,1670,38,3
5045,1670,21,7
5046,1671,53,6
5047,1671,97,4
5048,1671,54,10
5049,1671,36,6
5050,1671,99,6
5051,1672,86,6
5052,1673,69,9
5053,1673,51,4
5054,1673,52,8
5055,1673,97,8
5056,1673,37,8
5057,1674,23,7
5058,1674,37,1
5059,1675,43,8
5060,1675,84,3
5061,1675,88,2
5062,1675,50,10
5063,1675,84,7
5064,1676,53,4
5065,1676,82,1
5066,1676,80,4
5067,1676,18,10
5068,1677,65,2
5069,1677,77,10
5070,1677,94,7
5071,1677,3,6
5072,1677,79,4
5073,1678,73,8
5074,1678,88,2
5075,1679,3,10
5076,1679,84,7
5077,1679,71,9
5078,1680,21,8
5079,1680,48,4
5080,1681,61,4
5081,1681,42,3
5082,1682,9,1
5083,1682,27,10
5084,1682,60,8
5085,1683,88,10
5086,1683,57,4
5087,1684,60,9
5088,1684,83,2
5089,1685,43,3
5090,1685,32,8
5091,1685,93,2
5092,1685,1,1
5093,1685,88,7
5094,1686,61,7
5095,1686,10,7
5096,1686,34,9
5097,1686,16,10
5098,1686,83,9
5099,1687,57,8
5100,1688,38,7
5101,1689,47,7
5102,1690,81,8
5103,1690,55,2
5104,1690,14,3
5105,1690,34,10
5106,1690,97,2
5107,1691,47,7
5108,1691,85,6
5109,1692,32,8
5110,1692,27,5
5111,1693,43,2
5112,1694,91,8
5113,1694,97,4
5114,1694,97,5
5115,1694,44,5
5116,1695,43,8
5117,1695,90,5
5118,1695,73,5
5119,1695,77,1
5120,1696,19,9
5121,1696,37,1
5122,1697,48,10
5123,1697,47,5
5124,1698,92,3
5125,1698,73,5
5126,1698,61,8
5127,1699,20,3
5128,1699,19,10
5129,1699,38,7
5130,1700,82,4
5131,1700,4,4
5132,1700,75,5
5133,1701,75,1
5134,1701,34,6
5135,1702,96,9
5136,1702,52,8
5137,1702,80,3
5138,1702,45,3
5139,1702,76,9
5140,1703,67,6
5141,1703,49,8
5142,1703,83,3
5143,1704,62,3
5144,1704,62,7
5145,1704,2,2
5146,1704,44,4
5147,1704,40,4
5148,1705,20,5
5149,1705,78,2
5150,1706,46,8
5151,1706,59,10
5152,1707,96,9
5153,1708,95,4
5154,1708,47,1
5155,1709,81,2
5156,1709,43,9
5157,1709,9,5
5158,1709,71,9
5159,1710,11,1
5160,1710,58,10
5161,1710,67,4
5162,1710,32,5
5163,1710,95,3
5164,1711,30,8
5165,1711,23,1
5166,1712,35,9
5167,1712,36,2
5168,1712,96,4
5169,1712,94,2
5170,1712,17,9
5171,1713,8,4
5172,1713,30,4
5173,1713,75,10
5174,1714,60,2
5175,1714,69,1
5176,1714,41,2
5177,1714,26,8
5178,1715,57,2
5179,1716,26,2
5180,1716,70,10
5181,1716,28,10
5182,1716,63,5
5183,1717,2,10
5184,1717,56,2
5185,1717,93,8
5186,1717,100,4
5187,1717,76,10
5188,1718,1,5
5189,1718,97,7
5190,1718,77,5
5191,1718,64,3
5192,1719,65,8
5193,1719,66,5
5194,1719,83,5
5195,1720,69,4
5196,1720,44,5
5197,1720,87,9
5198,1721,40,8
5199,1721,15,3
5200,1721,63,1
5201,1721,41,9
5202,1721,61,8
5203,1722,23,2
5204,1722,98,7
5205,1723,13,8
5206,1723,44,9
5207,1723,24,4
5208,1724,98,4
5209,1725,40,9
5210,1725,40,6
5211,1726,61,2
5212,1726,88,5
5213,1726,79,4
5214,1726,74,3
5215,1726,42,3
5216,1727,99,7
5217,1727,22,3
5218,1728,85,3
5219,1728,42,9
5220,1728,61,10
5221,1728,54,5
5222,1728,30,5
5223,1729,39,6
5224,1729,19,5
5225,1729,43,6
5226,1729,96,6
5227,1730,40,7
5228,1730,73,7
5229,1730,98,7
5230,1730,1,7
5231,1731,53,6
5232,1732,59,5
5233,1732,3,4
5234,1733,85,5
5235,1733,38,6
5236,1734,42,7
5237,1735,42,9
5238,1735,72,4
5239,1735,28,10
5240,1735,65,8
5241,1736,14,2
5242,1736,32,3
5243,1736,42,8
5244,1737,61,1
5245,1737,100,7
5246,1737,89,8
5247,1737,32,5
5248,1737,78,10
5249,1738,8,2
5250,1738,8,6
5251,1738,36,9
5252,1738,48,8
5253,1739,15,8
5254,1739,18,2
5255,1739,42,7
5256,1740,20,10
5257,1740,39,10
5258,1741,72,2
5259,1741,57,4
5260,1742,74,9
5261,1742,98,5
5262,1742,72,9
5263,1743,89,1
5264,1743,18,2
5265,1743,90,6
5266,1744,99,8
5267,1744,96,4
5268,1744,24,6
5269,1745,30,8
5270,1745,47,6
5271,1745,26,5
5272,1745,33,10
5273,1746,18,2
5274,1747,55,7
5275,1747,63,1
5276,1747,68,1
5277,1747,66,6
5278,1748,73,7
5279,1749,65,6
5280,1750,63,5
5281,1750,74,6
5282,1750,82,2
5283,1750,95,2
5284,1750,73,2
5285,1751,100,2
5286,1751,69,3
5287,1751,66,2
5288,1751,74,8
5289,1751,79,4
5290,1752,99,7
5291,1753,60,8
5292,1753,95,3
5293,1753,84,6
5294,1754,24,10
5295,1755,59,9
5296,1755,100,7
5297,1755,3,7
5298,1756,38,1
5299,1756,80,7
5300,1756,3,1
5301,1756,29,6
5302,1756,55,3
5303,1757,29,10
5304,1757,87,6
5305,1757,69,8
5306,1758,99,10
5307,1758,46,10
5308,1759,25,3
5309,1759,27,5
5310,1760,13,1
5311,1760,69,10
5312,1761,100,3
5313,1762,45,2
5314,1762,42,6
5315,1762,30,4
5316,1762,26,5
5317,1762,21,7
5318,1763,30,4
5319,1763,99,6
5320,1763,4,3
5321,1764,16,7
5322,1764,4,8
5323,1764,96,4
5324,1764,49,1
5325,1765,57,7
5326,1765,26,4
5327,1765,99,7
5328,1765,76,2
5329,1766,23,9
5330,1767,93,9
5331,1767,16,3
5332,1767,97,4
5333,1767,16,8
5334,1767,95,10
5335,1768,96,6
5336,1768,54,4
5337,1768,27,2
5338,1769,47,8
5339,1769,33,9
5340,1769,15,8
5341,1769,3,1
5342,1769,49,7
5343,1770,13,6
5344,1770,47,5
5345,1770,9,7
5346,1770,84,5
5347,1771,90,2
5348,1771,84,7
5349,1772,3,5
5350,1772,94,6
5351,1772,6,3
5352,1772,32,3
5353,1773,2,3
5354,1773,67,3
5355,1773,18,8
5356,1773,98,1
5357,1773,8,10
5358,1774,95,5
5359,1774,48,10
5360,1775,21,7
5361,1775,23,3
5362,1775,67,3
5363,1775,95,3
5364,1776,15,3
5365,1776,4,8
5366,1776,27,5
5367,1777,81,6
5368,1777,34,10
5369,1777,42,1
5370,1777,4,6
5371,1778,61,1
5372,1779,53,1
5373,1779,70,7
5374,1780,93,9
5375,1780,22,3
5376,1780,13,1
5377,1780,45,4
5378,1780,12,7
5379,1781,15,8
5380,1782,54,9
5381,1782,57,3
5382,1782,78,1
5383,1782,40,8
5384,1783,33,3
5385,1783,42,9
5386,1783,47,10
5387,1783,86,2
5388,1784,64,10
5389,1784,26,3
5390,1784,29,9
5391,1784,17,3
5392,1785,85,2
5393,1785,96,2
5394,1786,37,10
5395,1786,14,4
5396,1786,29,5
5397,1786,24,5
5398,1787,91,8
5399,1787,86,10
5400,1787,67,9
5401,1788,35,3
5402,1788,42,7
5403,1788,48,3
5404,1788,75,1
5405,1788,96,7
5406,1789,26,3
5407,1790,19,1
5408,1791,21,7
5409,1791,42,1
5410,1792,62,8
5411,1792,45,4
5412,1792,81,10
5413,1792,52,8
5414,1792,28,8
5415,1793,34,9
5416,1793,57,2
5417,1793,96,5
5418,1793,84,9
5419,1793,44,6
5420,1794,33,6
5421,1794,63,9
5422,1795,85,2
5423,1795,86,6
5424,1795,98,9
5425,1795,34,2
5426,1796,55,1
5427,1796,70,3
5428,1796,13,4
5429,1797,15,2
5430,1797,71,5
5431,1797,17,6
5432,1797,40,8
5433,1798,71,2
5434,1798,65,3
5435,1798,51,9
5436,1798,25,3
5437,1799,100,1
5438,1799,26,6
5439,1800,77,3
5440,1800,73,9
5441,1800,68,1
5442,1800,69,6
5443,1800,70,4
5444,1801,22,6
5445,1801,21,2
5446,1801,88,3
5447,1801,82,10
5448,1801,29,3
5449,1802,79,7
5450,1802,26,5
5451,1802,7,7
5452,1802,38,7
5453,1802,67,7
5454,1803,60,6
5455,1803,18,5
5456,1803,1,2
5457,1803,33,9
5458,1804,27,10
5459,1804,77,2
5460,1804,8,7
5461,1805,19,8
5462,1805,21,4
5463,1806,21,7
5464,1806,51,10
5465,1806,25,4
5466,1806,45,2
5467,1807,36,3
5468,1807,52,2
5469,1808,87,3
5470,1808,27,8
5471,1808,19,5
5472,1808,98,6
5473,1808,2,2
5474,1809,40,9
5475,1809,14,10
5476,1809,61,4
5477,1809,85,8
5478,1809,39,2
5479,1810,96,10
5480,1810,59,3
5481,1810,10,6
5482,1810,35,1
5483,1810,49,5
5484,1811,81,8
5485,1812,75,3
5486,1812,91,8
5487,1812,98,5
5488,1812,29,9
5489,1813,12,10
5490,1814,47,4
5491,1814,86,8
5492,1814,90,7
5493,1814,54,1
5494,1814,82,2
5495,1815,93,5
5496,1815,33,9
5497,1815,43,7
5498,1816,46,2
5499,1816,2,2
5500,1816,92,8
5501,1817,75,8
5502,1817,29,10
5503,1818,86,5
5504,1818,14,8
5505,1818,72,10
5506,1818,73,7
5507,1819,67,7
5508,1819,6,10
5509,1819,14,10
5510,1819,83,2
5511,1819,74,2
5512,1820,98,4
5513,1821,75,10
5514,1821,54,7
5515,1821,92,1
5516,1822,83,8
5517,1822,59,10
5518,1822,67,1
5519,1823,81,7
5520,1823,86,1
5521,1823,28,10
5522,1823,24,1
5523,1824,13,5
5524,1824,53,1
5525,1824,94,8
5526,1825,46,6
5527,1825,46,4
5528,1825,36,8
5529,1826,42,8
5530,1827,99,3
5531,1827,27,9
5532,1827,99,9
5533,1828,95,7
5534,1828,97,6
5535,1828,100,3
5536,1829,12,6
5537,1829,46,10
5538,1829,69,4
5539,1829,41,5
5540,1830,93,2
5541,1831,41,10
5542,1831,64,3
5543,1831,97,7
5544,1831,26,5
5545,1832,45,6
5546,1832,57,6
5547,1832,97,3
5548,1832,22,6
5549,1833,15,4
5550,1834,40,9
5551,1834,90,9
5552,1834,38,9
5553,1834,69,3
5554,1834,51,10
5555,1835,26,2
5556,1836,92,10
5557,1837,34,3
5558,1837,92,6
5559,1837,69,6
5560,1837,51,3
5561,1838,14,5
5562,1838,79,10
5563,1838,11,6
5564,1838,29,8
5565,1839,32,9
5566,1840,86,5
5567,1840,4,8
5568,1841,89,4
5569,1841,32,4
5570,1842,83,4
5571,1842,19,1
5572,1842,38,4
5573,1842,3,10
5574,1843,57,7
5575,1843,72,9
5576,1843,73,4
5577,1843,53,3
5578,1844,75,7
5579,1844,81,10
5580,1844,50,5
5581,1844,91,6
5582,1844,34,7
5583,1845,47,4
5584,1845,41,9
5585,1845,46,2
5586,1846,42,4
5587,1846,69,10
5588,1847,13,9
5589,1847,91,8
5590,1848,41,2
5591,1848,78,4
5592,1848,93,6
5593,1848,92,9
5594,1848,29,8
5595,1849,74,1
5596,1849,59,10
5597,1849,57,8
5598,1850,56,2
5599,1850,22,1
5600,1850,72,8
5601,1850,72,1
5602,1850,45,8
5603,1851,9,6
5604,1851,9,5
5605,1852,33,1
5606,1852,92,10
5607,1852,63,7
5608,1852,91,3
5609,1852,51,4
5610,1853,40,9
5611,1853,90,5
5612,1853,43,4
5613,1853,73,9
5614,1854,19,9
5615,1854,88,10
5616,1854,41,1
5617,1854,79,1
5618,1855,76,2
5619,1855,100,2
5620,1855,79,2
5621,1856,53,3
5622,1856,94,4
5623,1856,32,10
5624,1856,100,3
5625,1856,24,1
5626,1857,94,2
5627,1857,43,2
5628,1857,13,7
5629,1857,74,7
5630,1858,49,8
5631,1858,18,6
5632,1858,24,2
5633,1858,40,6
5634,1859,91,7
5635,1859,33,8
5636,1860,24,5
5637,1861,26,4
5638,1861,45,2
5639,1861,44,8
5640,1861,97,2
5641,1862,33,1
5642,1862,78,1
5643,1862,72,1
5644,1862,88,6
5645,1862,13,3
5646,1863,68,1
5647,1864,42,7
5648,1865,4,10
5649,1865,73,6
5650,1865,9,3
5651,1866,82,10
5652,1866,64,3
5653,1867,28,6
5654,1867,13,3
5655,1867,77,6
5656,1867,74,3
5657,1867,57,3
5658,1868,20,8
5659,1868,4,10
5660,1868,5,9
5661,1868,16,5
5662,1868,38,2
5663,1869,88,3
5664,1869,76,9
5665,1869,22,2
5666,1870,25,10
5667,1870,20,10
5668,1870,44,8
5669,1870,85,9
5670,1871,58,2
5671,1871,86,9
5672,1871,9,6
5673,1871,32,6
5674,1872,31,8
5675,1872,25,7
5676,1873,46,1
5677,1874,85,10
5678,1874,13,9
5679,1874,12,6
5680,1874,68,10
5681,1875,90,9
5682,1875,67,7
5683,1875,97,9
5684,1875,83,4
5685,1875,37,6
5686,1876,58,4
5687,1876,38,7
5688,1877,56,7
5689,1877,11,8
5690,1877,4,8
5691,1877,14,6
5692,1878,62,10
5693,1878,50,5
5694,1878,64,5
5695,1878,99,1
5696,1878,68,1
5697,1879,12,5
5698,1879,76,10
5699,1880,23,6
5700,1880,95,1
5701,1880,69,1
5702,1880,7,5
5703,1880,50,4
5704,1881,69,1
5705,1881,88,7
5706,1881,95,9
5707,1882,23,9
5708,1882,48,1
5709,1882,28,2
5710,1882,59,3
5711,1882,29,6
5712,1883,92,4
5713,1884,27,10
5714,1884,82,10
5715,1884,2,1
5716,1884,49,4
5717,1885,38,1
5718,1886,85,6
5719,1886,23,7
5720,1887,48,7
5721,1887,6,3
5722,1888,77,4
5723,1888,80,5
5724,1889,88,10
5725,1889,91,5
5726,1889,27,5
5727,1889,53,1
5728,1890,53,7
5729,1890,36,4
5730,1890,100,8
5731,1890,33,10
5732,1891,81,7
5733,1892,90,8
5734,1893,85,4
5735,1893,10,2
5736,1894,21,8
5737,1895,24,9
5738,1896,22,5
5739,1896,88,7
5740,1896,37,9
5741,1897,37,10
5742,1897,34,2
5743,1897,98,2
5744,1898,26,2
5745,1898,72,8
5746,1898,26,3
5747,1898,67,1
5748,1899,62,2
5749,1899,15,4
5750,1899,5,7
5751,1899,24,2
5752,1900,31,7
5753,1901,48,8
5754,1901,95,3
5755,1901,57,10
5756,1901,99,1
5757,1901,85,9
5758,1902,99,4
5759,1902,93,6
5760,1903,73,1
5761,1904,44,5
5762,1904,23,6
5763,1905,26,1
5764,1905,51,7
5765,1905,20,5
5766,1905,65,2
5767,1906,24,4
5768,1906,43,8
5769,1907,57,2
5770,1908,78,9
5771,1908,37,9
5772,1909,19,9
5773,1909,41,1
5774,1910,88,2
5775,1911,67,9
5776,1911,3,10
5777,1911,93,3
5778,1911,93,6
5779,1912,5,3
5780,1912,14,4
5781,1912,1,7
5782,1913,73,1
5783,1914,99,10
5784,1914,16,4
5785,1914,98,1
5786,1914,73,9
5787,1915,3,8
5788,1916,83,7
5789,1916,37,10
5790,1916,50,8
5791,1916,96,4
5792,1916,88,8
5793,1917,33,6
5794,1917,82,8
5795,1917,62,3
5796,1917,59,9
5797,1917,47,4
5798,1918,37,3
5799,1918,50,5
5800,1919,48,1
5801,1919,56,5
5802,1920,6,8
5803,1920,53,9
5804,1921,52,3
5805,1921,81,6
5806,1922,52,7
5807,1922,54,8
5808,1923,57,7
5809,1923,60,6
5810,1923,44,6
5811,1923,86,7
5812,1924,93,9
5813,1924,27,4
5814,1925,92,4
5815,1925,73,4
5816,1926,47,8
5817,1926,71,7
5818,1926,48,5
5819,1926,28,7
5820,1926,19,8
5821,1927,70,8
5822,1928,100,10
5823,1928,53,1
5824,1928,26,4
5825,1929,71,3
5826,1929,85,7
5827,1929,67,7
5828,1930,57,1
5829,1930,89,4
5830,1931,73,3
5831,1931,35,10
5832,1931,99,3
5833,1931,83,7
5834,1932,26,3
5835,1932,53,6
5836,1932,60,4
5837,1932,95,3
5838,1932,98,8
5839,1933,79,10
5840,1933,68,1
5841,1933,87,2
5842,1934,11,1
5843,1935,7,6
5844,1936,41,6
5845,1937,96,3
5846,1937,28,5
5847,1938,47,10
5848,1939,75,8
5849,1939,61,6
5850,1939,91,3
5851,1940,39,2
5852,1940,72,3
5853,1940,20,3
5854,1941,16,9
5855,1941,80,7
5856,1941,21,9
5857,1941,71,8
5858,1942,89,4
5859,1942,15,3
5860,1942,57,2
5861,1943,18,7
5862,1944,49,8
5863,1944,22,1
5864,1944,76,6
5865,1944,57,10
5866,1945,24,8
5867,1945,3,8
5868,1945,86,10
5869,1945,45,6
5870,1945,11,6
5871,1946,23,3
5872,1947,39,7
5873,1947,20,2
5874,1947,86,4
5875,1947,82,6
5876,1947,38,2
5877,1948,78,8
5878,1948,3,10
5879,1948,76,7
5880,1949,47,5
5881,1949,25,9
5882,1950,67,1
5883,1950,63,6
5884,1950,22,1
5885,1951,90,5
5886,1951,34,8
5887,1952,44,1
5888,1952,35,8
5889,1952,85,2
5890,1952,43,9
5891,1953,17,10
5892,1954,95,10
5893,1955,39,7
5894,1956,61,7
5895,1956,50,1
5896,1957,90,7
5897,1957,43,6
5898,1957,66,7
5899,1958,91,6
5900,1958,17,6
5901,1958,93,5
5902,1958,71,4
5903,1959,37,5
5904,1959,11,8
5905,1959,86,2
5906,1959,86,6
5907,1960,15,1
5908,1960,17,2
5909,1960,32,2
5910,1960,23,6
5911,1960,9,3
5912,1961,31,2
5913,1961,10,1
5914,1961,93,1
5915,1961,95,6
5916,1961,80,2
5917,1962,75,8
5918,1962,81,6
5919,1963,79,2
5920,1964,91,3
5921,1965,96,2
5922,1965,24,2
5923,1966,1,7
5924,1967,27,1
5925,1967,92,2
5926,1968,42,9
5927,1968,25,8
5928,1968,26,8
5929,1968,78,3
5930,1969,37,10
5931,1969,8,8
5932,1969,24,9
5933,1969,1,2
5934,1970,26,5
5935,1970,19,9
5936,1971,25,2
5937,1971,90,2
5938,1971,25,3
5939,1971,42,4
5940,1971,21,7
5941,1972,38,10
5942,1972,53,9
5943,1972,82,5
5944,1972,28,7
5945,1972,33,6
5946,1973,68,1
5947,1973,84,5
5948,1974,97,3
5949,1974,9,1
5950,1974,9,8
5951,1975,94,1
5952,1975,80,7
5953,1975,11,8
5954,1976,96,2
5955,1977,76,6
5956,1977,90,10
5957,1977,87,2
5958,1978,34,6
5959,1978,58,6
5960,1978,96,8
5961,1978,48,8
5962,1978,39,8
5963,1979,70,4
5964,1979,30,10
5965,1979,22,1
5966,1980,53,8
5967,1980,60,6
5968,1980,52,8
5969,1981,58,3
5970,1981,19,7
5971,1981,54,1
5972,1981,18,6
5973,1982,81,3
5974,1982,52,6
5975,1982,2,7
5976,1982,85,3
5977,1983,76,3
5978,1983,28,2
5979,1984,51,8
5980,1985,35,6
5981,1985,26,1
5982,1986,51,3
5983,1986,39,9
5984,1986,36,4
5985,1986,25,8
5986,1987,93,8
5987,1987,56,7
5988,1987,21,8
5989,1987,86,1
5990,1987,46,2
5991,1988,42,8
5992,1989,38,3
5993,1989,31,9
5994,1989,64,4
5995,1989,54,8
5996,1989,2,5
5997,1990,44,5
5998,1990,88,10
5999,1991,79,2
6000,1991,77,3
6001,1991,68,5
6002,1991,44,6
6003,1992,48,10
6004,1992,61,2
6005,1993,58,6
6006,1994,32,4
6007,1994,42,4
6008,1994,41,8
6009,1994,36,9
6010,1995,74,6
6011,1995,90,4
6012,1995,17,6
6013,1996,30,10
6014,1996,79,4
6015,1996,32,8
6016,1996,73,8
6017,1996,3,6
6018,1997,13,7
6019,1997,97,3
6020,1997,80,6
6021,1997,11,9
6022,1997,63,8
6023,1998,94,5
6024,1998,9,8
6025,1998,50,4
6026,1998,99,5
6027,1998,92,3
6028,1999,100,1
6029,1999,61,4
6030,1999,29,1
6031,2000,46,10
6032,2000,62,9
6033,2000,19,5
