order_id,customer_id,order_date,status
1,452,2024-12-30,Cancelled
2,36,2023-11-12,Cancelled
3,451,2025-05-13,Cancelled
4,126,2023-06-04,Pending
5,190,2024-03-09,Pending
6,146,2025-03-15,Pending
7,81,2023-09-03,Completed
8,225,2024-07-31,Cancelled
9,427,2024-11-03,Completed
10,279,2024-09-18,Pending
11,361,2024-08-17,Pending
12,155,2023-07-06,Completed
13,314,2023-11-01,Cancelled
14,414,2023-06-26,Cancelled
15,335,2024-09-20,Pending
16,271,2024-08-12,Pending
17,5,2023-10-17,Pending
18,342,2023-12-06,Cancelled
19,419,2023-06-12,Completed
20,284,2023-09-29,Pending
21,154,2024-07-02,Pending
22,478,2023-07-22,Completed
23,340,2024-06-20,Cancelled
24,54,2023-11-17,Pending
25,481,2024-07-03,Cancelled
26,450,2023-07-14,Pending
27,69,2023-08-26,Cancelled
28,136,2025-02-21,Completed
29,60,2023-12-26,Pending
30,456,2024-11-19,Pending
31,55,2024-09-27,Pending
32,381,2024-12-09,Pending
33,284,2023-11-24,Pending
34,80,2025-04-17,Completed
35,140,2024-11-21,Pending
36,145,2025-04-05,Pending
37,310,2024-09-08,Cancelled
38,108,2024-11-09,Pending
39,368,2024-05-04,Cancelled
40,176,2024-03-28,Completed
41,105,2024-05-30,Cancelled
42,352,2023-10-14,Cancelled
43,325,2024-09-06,Completed
44,437,2024-07-28,Completed
45,136,2024-10-07,Cancelled
46,259,2023-10-15,Cancelled
47,251,2023-07-06,Completed
48,129,2023-08-16,Completed
49,464,2024-07-20,Completed
50,465,2023-12-06,Completed
51,434,2025-01-21,Completed
52,27,2025-05-04,Cancelled
53,48,2024-03-11,Completed
54,325,2024-03-04,Pending
55,217,2024-09-08,Pending
56,425,2024-03-26,Pending
57,142,2024-06-06,Pending
58,23,2024-12-21,Completed
59,2,2025-03-09,Pending
60,171,2023-07-30,Cancelled
61,395,2023-06-04,Pending
62,67,2024-02-09,Completed
63,327,2024-11-01,Pending
64,135,2023-07-10,Cancelled
65,83,2024-03-10,Completed
66,380,2024-08-30,Completed
67,227,2024-09-06,Completed
68,283,2024-11-15,Pending
69,362,2024-06-24,Pending
70,219,2024-05-23,Completed
71,288,2024-11-16,Pending
72,5,2024-08-28,Cancelled
73,58,2024-12-24,Completed
74,39,2024-10-18,Cancelled
75,484,2025-01-24,Cancelled
76,453,2023-09-27,Pending
77,354,2023-06-04,Pending
78,463,2025-04-11,Completed
79,77,2023-10-10,Cancelled
80,280,2023-07-13,Pending
81,19,2023-07-03,Cancelled
82,428,2024-04-28,Pending
83,190,2023-11-09,Cancelled
84,299,2023-07-23,Completed
85,283,2024-11-02,Pending
86,76,2024-06-07,Completed
87,221,2024-07-19,Cancelled
88,66,2024-09-26,Cancelled
89,22,2024-01-18,Completed
90,158,2024-02-16,Cancelled
91,187,2023-12-15,Pending
92,461,2024-12-31,Pending
93,478,2025-04-22,Cancelled
94,408,2024-10-11,Cancelled
95,498,2023-11-30,Cancelled
96,441,2024-06-17,Cancelled
97,21,2025-01-06,Pending
98,461,2024-04-03,Pending
99,184,2024-08-29,Cancelled
100,108,2023-08-24,Completed
101,350,2023-12-05,Completed
102,128,2025-03-28,Pending
103,342,2024-11-30,Completed
104,53,2024-12-02,Cancelled
105,182,2024-08-18,Completed
106,400,2024-10-26,Pending
107,287,2023-08-12,Cancelled
108,453,2023-07-16,Cancelled
109,448,2024-07-30,Pending
110,209,2024-10-16,Completed
111,499,2023-07-27,Pending
112,318,2024-05-16,Pending
113,384,2024-11-13,Completed
114,80,2025-02-10,Cancelled
115,474,2023-11-15,Completed
116,477,2023-10-08,Completed
117,122,2025-05-17,Cancelled
118,443,2025-02-17,Cancelled
119,84,2023-10-29,Pending
120,500,2024-05-18,Completed
121,410,2023-11-27,Cancelled
122,416,2025-01-03,Completed
123,91,2023-06-21,Completed
124,452,2024-02-08,Cancelled
125,212,2024-02-11,Cancelled
126,13,2024-12-13,Completed
127,92,2023-08-04,Cancelled
128,378,2023-08-09,Completed
129,474,2023-06-19,Cancelled
130,171,2024-07-09,Pending
131,401,2025-05-04,Cancelled
132,477,2023-08-29,Completed
133,211,2024-11-27,Cancelled
134,411,2023-06-30,Completed
135,343,2024-12-14,Cancelled
136,443,2025-01-05,Completed
137,377,2023-11-02,Completed
138,416,2024-06-05,Cancelled
139,128,2024-11-15,Completed
140,137,2024-05-20,Pending
141,82,2025-04-11,Pending
142,404,2025-03-21,Cancelled
143,360,2023-07-14,Completed
144,56,2024-03-26,Completed
145,196,2024-06-06,Completed
146,447,2025-01-26,Cancelled
147,20,2025-02-11,Cancelled
148,440,2024-05-18,Pending
149,241,2023-09-05,Completed
150,114,2023-06-03,Pending
151,103,2024-12-29,Cancelled
152,419,2023-09-05,Cancelled
153,471,2024-03-16,Pending
154,236,2025-04-13,Completed
155,180,2025-02-03,Completed
156,157,2023-12-06,Completed
157,421,2024-08-06,Cancelled
158,408,2023-11-02,Completed
159,447,2025-03-18,Completed
160,117,2024-06-21,Pending
161,115,2024-07-17,Pending
162,13,2024-10-31,Pending
163,338,2025-02-27,Pending
164,99,2024-07-13,Cancelled
165,205,2025-04-30,Completed
166,169,2023-12-03,Cancelled
167,143,2024-04-16,Completed
168,443,2024-01-06,Cancelled
169,36,2023-07-19,Completed
170,496,2023-09-10,Completed
171,396,2025-02-09,Completed
172,143,2025-01-21,Cancelled
173,180,2023-06-22,Pending
174,329,2024-02-13,Pending
175,261,2023-11-27,Cancelled
176,205,2024-10-15,Completed
177,348,2025-03-05,Completed
178,432,2024-10-14,Cancelled
179,275,2024-03-15,Pending
180,170,2024-06-19,Pending
181,481,2023-06-23,Completed
182,15,2025-05-18,Pending
183,60,2024-06-13,Pending
184,450,2024-02-18,Pending
185,497,2023-06-10,Completed
186,134,2024-12-18,Pending
187,92,2023-07-02,Completed
188,298,2023-08-19,Cancelled
189,493,2023-10-11,Cancelled
190,136,2025-04-15,Completed
191,20,2023-10-27,Pending
192,56,2024-05-02,Cancelled
193,306,2024-09-05,Completed
194,223,2023-10-19,Pending
195,177,2024-08-20,Cancelled
196,374,2024-01-26,Completed
197,403,2024-07-15,Pending
198,161,2023-09-10,Pending
199,224,2025-04-08,Completed
200,311,2024-07-17,Pending
201,262,2024-01-26,Cancelled
202,60,2024-06-09,Completed
203,198,2024-01-11,Pending
204,461,2024-06-01,Pending
205,296,2024-03-07,Pending
206,98,2024-09-10,Pending
207,131,2025-02-24,Pending
208,23,2025-02-16,Completed
209,363,2024-06-03,Cancelled
210,224,2025-05-14,Cancelled
211,1,2024-11-17,Completed
212,267,2023-09-03,Pending
213,474,2025-01-16,Cancelled
214,413,2025-05-21,Cancelled
215,276,2025-03-03,Cancelled
216,352,2025-05-12,Pending
217,369,2025-01-27,Completed
218,482,2024-01-06,Cancelled
219,380,2024-03-04,Completed
220,378,2024-10-25,Cancelled
221,344,2024-12-22,Completed
222,101,2023-11-05,Pending
223,187,2023-07-13,Pending
224,221,2024-06-09,Pending
225,36,2024-12-11,Completed
226,486,2024-02-03,Pending
227,341,2024-03-14,Pending
228,472,2023-12-24,Cancelled
229,170,2024-02-28,Completed
230,320,2024-12-18,Completed
231,161,2024-05-06,Cancelled
232,340,2024-02-10,Pending
233,435,2024-04-12,Cancelled
234,64,2024-04-20,Pending
235,369,2023-10-11,Completed
236,461,2023-11-22,Pending
237,154,2024-11-16,Cancelled
238,260,2024-02-16,Pending
239,159,2023-10-03,Cancelled
240,342,2024-06-07,Pending
241,210,2023-11-08,Completed
242,168,2024-07-04,Completed
243,207,2024-05-15,Completed
244,357,2025-02-07,Pending
245,152,2023-12-16,Cancelled
246,284,2024-12-05,Completed
247,66,2024-07-09,Cancelled
248,99,2024-01-25,Completed
249,216,2025-03-25,Completed
250,341,2023-08-15,Completed
251,482,2023-12-19,Completed
252,195,2024-10-26,Cancelled
253,347,2024-08-10,Cancelled
254,384,2024-12-01,Pending
255,463,2025-03-11,Cancelled
256,90,2023-12-08,Pending
257,316,2024-03-04,Cancelled
258,292,2025-04-04,Cancelled
259,155,2024-02-07,Completed
260,208,2023-11-06,Pending
261,281,2023-11-11,Completed
262,427,2024-05-12,Cancelled
263,1,2024-07-01,Cancelled
264,156,2024-08-19,Completed
265,147,2024-11-12,Pending
266,108,2024-02-04,Cancelled
267,221,2025-04-14,Cancelled
268,403,2023-11-25,Completed
269,297,2024-01-06,Cancelled
270,311,2025-03-24,Cancelled
271,336,2024-03-09,Cancelled
272,165,2024-12-27,Pending
273,239,2023-06-27,Cancelled
274,227,2025-02-13,Cancelled
275,227,2025-03-15,Cancelled
276,346,2023-07-20,Completed
277,110,2025-01-27,Cancelled
278,262,2024-02-29,Pending
279,243,2024-02-23,Cancelled
280,407,2025-01-10,Cancelled
281,462,2024-02-21,Pending
282,492,2023-11-03,Cancelled
283,408,2025-01-19,Completed
284,377,2023-10-17,Pending
285,87,2025-04-23,Cancelled
286,338,2024-06-12,Completed
287,44,2023-06-10,Cancelled
288,146,2023-09-11,Pending
289,264,2024-03-20,Completed
290,340,2025-05-01,Pending
291,325,2023-06-27,Cancelled
292,318,2024-10-22,Cancelled
293,172,2024-01-03,Completed
294,48,2023-08-10,Completed
295,420,2024-07-19,Cancelled
296,488,2023-06-12,Pending
297,385,2024-09-15,Cancelled
298,121,2023-06-05,Cancelled
299,345,2024-06-20,Cancelled
300,159,2023-10-30,Pending
301,116,2023-08-01,Pending
302,413,2023-08-09,Cancelled
303,102,2023-09-25,Completed
304,76,2024-01-28,Pending
305,13,2023-07-03,Cancelled
306,24,2024-04-29,Cancelled
307,126,2023-06-14,Cancelled
308,244,2023-09-21,Completed
309,313,2025-04-02,Pending
310,436,2023-07-24,Cancelled
311,394,2024-10-11,Pending
312,38,2023-09-25,Cancelled
313,234,2024-08-21,Cancelled
314,213,2023-12-15,Pending
315,454,2025-01-08,Completed
316,323,2023-08-09,Completed
317,295,2024-10-28,Pending
318,100,2025-05-15,Pending
319,368,2023-07-31,Cancelled
320,357,2024-06-19,Cancelled
321,197,2025-03-04,Pending
322,254,2023-07-28,Pending
323,205,2024-10-10,Pending
324,125,2025-03-13,Completed
325,76,2024-08-21,Completed
326,336,2025-01-05,Completed
327,353,2024-08-16,Pending
328,3,2024-03-05,Pending
329,458,2024-05-19,Cancelled
330,385,2023-07-04,Completed
331,441,2023-12-25,Completed
332,395,2023-06-28,Completed
333,454,2024-09-08,Completed
334,55,2024-08-01,Pending
335,399,2023-10-25,Cancelled
336,218,2023-12-30,Cancelled
337,113,2023-12-16,Cancelled
338,91,2024-02-10,Pending
339,412,2023-09-03,Completed
340,491,2023-08-14,Pending
341,357,2024-11-06,Completed
342,266,2024-11-20,Pending
343,238,2025-04-03,Cancelled
344,26,2023-07-27,Cancelled
345,286,2025-03-29,Cancelled
346,128,2024-06-18,Cancelled
347,470,2025-01-25,Completed
348,435,2024-10-16,Pending
349,63,2024-08-24,Completed
350,234,2023-06-09,Pending
351,69,2023-12-05,Cancelled
352,411,2024-06-12,Cancelled
353,238,2023-07-19,Cancelled
354,342,2024-01-18,Pending
355,272,2024-11-25,Cancelled
356,287,2025-02-03,Completed
357,305,2024-11-02,Completed
358,163,2023-08-28,Completed
359,487,2025-03-22,Pending
360,387,2025-05-23,Completed
361,457,2023-11-20,Cancelled
362,227,2024-11-21,Pending
363,314,2023-06-26,Cancelled
364,418,2023-07-04,Pending
365,369,2024-06-11,Completed
366,457,2024-04-15,Cancelled
367,259,2024-02-27,Cancelled
368,219,2024-07-17,Pending
369,426,2024-03-07,Cancelled
370,465,2024-08-17,Completed
371,281,2024-11-02,Pending
372,229,2023-08-09,Cancelled
373,460,2023-12-09,Pending
374,82,2025-02-08,Cancelled
375,381,2024-03-13,Completed
376,442,2024-12-04,Completed
377,244,2024-04-24,Completed
378,231,2024-05-01,Completed
379,133,2023-08-28,Cancelled
380,385,2024-07-14,Completed
381,127,2024-12-31,Pending
382,431,2023-09-01,Cancelled
383,327,2024-12-25,Completed
384,142,2023-08-28,Pending
385,393,2024-07-04,Cancelled
386,399,2025-03-14,Pending
387,267,2024-02-01,Cancelled
388,249,2023-06-30,Pending
389,321,2023-10-23,Completed
390,123,2023-11-12,Pending
391,141,2023-07-15,Pending
392,226,2023-12-15,Cancelled
393,40,2023-07-26,Cancelled
394,366,2023-08-28,Completed
395,147,2023-11-28,Pending
396,121,2023-12-19,Pending
397,140,2024-07-08,Pending
398,172,2023-09-03,Pending
399,164,2023-06-27,Completed
400,458,2024-02-15,Cancelled
401,277,2024-11-17,Pending
402,42,2024-04-06,Completed
403,71,2024-11-21,Completed
404,78,2024-10-18,Completed
405,119,2025-04-20,Completed
406,197,2025-05-02,Completed
407,356,2024-10-15,Cancelled
408,79,2023-12-28,Completed
409,362,2023-09-30,Cancelled
410,110,2023-08-30,Pending
411,33,2025-04-13,Pending
412,213,2024-10-09,Cancelled
413,209,2023-12-10,Cancelled
414,170,2025-04-16,Pending
415,278,2025-02-10,Completed
416,239,2025-02-24,Pending
417,213,2023-09-30,Completed
418,32,2023-10-28,Completed
419,106,2025-04-23,Cancelled
420,427,2024-07-25,Cancelled
421,216,2024-02-17,Pending
422,200,2024-01-23,Pending
423,464,2023-11-03,Cancelled
424,395,2024-07-18,Pending
425,300,2025-03-21,Cancelled
426,485,2024-10-17,Cancelled
427,357,2023-11-26,Pending
428,11,2024-08-07,Completed
429,439,2024-12-22,Completed
430,451,2024-03-28,Cancelled
431,392,2024-07-02,Pending
432,295,2024-03-04,Completed
433,195,2024-12-22,Cancelled
434,245,2023-06-09,Cancelled
435,4,2023-11-26,Pending
436,483,2025-05-21,Pending
437,181,2025-04-24,Cancelled
438,153,2024-12-17,Completed
439,386,2024-12-28,Pending
440,200,2024-09-25,Pending
441,437,2025-05-14,Pending
442,457,2025-03-11,Completed
443,489,2023-06-27,Completed
444,428,2024-03-23,Cancelled
445,215,2024-02-23,Pending
446,276,2025-03-08,Completed
447,383,2023-06-19,Completed
448,377,2023-11-20,Pending
449,280,2024-11-09,Completed
450,410,2023-08-05,Cancelled
451,309,2024-05-28,Completed
452,460,2024-01-11,Completed
453,113,2023-11-20,Cancelled
454,250,2024-02-24,Pending
455,113,2023-08-02,Completed
456,140,2023-06-10,Cancelled
457,224,2024-01-26,Pending
458,249,2024-09-01,Cancelled
459,15,2024-01-30,Completed
460,200,2024-07-16,Cancelled
461,173,2024-10-13,Completed
462,343,2023-10-26,Pending
463,348,2023-08-23,Pending
464,409,2025-04-14,Cancelled
465,208,2024-06-08,Completed
466,371,2023-07-29,Pending
467,85,2024-03-13,Cancelled
468,431,2024-07-12,Pending
469,240,2024-07-10,Pending
470,471,2023-08-13,Completed
471,66,2024-04-19,Pending
472,319,2024-03-25,Pending
473,274,2024-06-01,Completed
474,14,2025-02-19,Pending
475,465,2023-06-21,Pending
476,202,2024-09-27,Completed
477,304,2023-12-25,Completed
478,289,2023-09-24,Pending
479,340,2024-02-23,Pending
480,14,2025-03-07,Pending
481,43,2024-12-12,Pending
482,330,2024-04-04,Cancelled
483,220,2023-09-03,Pending
484,70,2024-07-24,Completed
485,444,2024-08-14,Completed
486,237,2023-12-14,Completed
487,94,2023-08-12,Completed
488,26,2024-12-09,Pending
489,134,2025-03-09,Pending
490,195,2024-06-22,Cancelled
491,168,2024-03-13,Pending
492,109,2024-04-15,Completed
493,233,2023-11-28,Pending
494,168,2023-07-24,Cancelled
495,173,2024-03-04,Pending
496,390,2024-04-17,Pending
497,451,2023-12-03,Completed
498,195,2024-11-06,Cancelled
499,143,2024-12-26,Pending
500,386,2025-01-13,Pending
501,488,2025-01-05,Cancelled
502,426,2024-03-15,Pending
503,216,2024-02-09,Cancelled
504,130,2025-04-18,Cancelled
505,428,2024-04-30,Completed
506,42,2024-06-06,Pending
507,241,2023-08-26,Cancelled
508,10,2023-10-01,Cancelled
509,384,2024-02-26,Cancelled
510,277,2025-04-25,Completed
511,27,2024-05-02,Pending
512,488,2025-02-10,Completed
513,180,2023-12-11,Completed
514,115,2023-08-20,Cancelled
515,333,2024-03-16,Cancelled
516,36,2025-05-12,Cancelled
517,400,2023-06-30,Cancelled
518,491,2024-07-03,Completed
519,334,2025-01-14,Cancelled
520,21,2025-02-26,Pending
521,387,2024-04-17,Completed
522,16,2025-02-05,Cancelled
523,487,2024-02-08,Pending
524,127,2025-01-01,Cancelled
525,103,2024-02-27,Pending
526,430,2025-03-21,Cancelled
527,11,2024-04-16,Cancelled
528,319,2025-01-21,Completed
529,79,2023-09-22,Cancelled
530,123,2024-08-30,Pending
531,65,2024-06-01,Pending
532,243,2025-05-18,Completed
533,343,2024-04-27,Cancelled
534,59,2025-02-21,Completed
535,289,2023-08-27,Cancelled
536,486,2025-01-07,Completed
537,112,2024-10-26,Cancelled
538,239,2023-09-22,Cancelled
539,359,2025-01-09,Completed
540,132,2025-01-29,Completed
541,393,2024-03-01,Completed
542,189,2023-07-02,Completed
543,86,2025-01-05,Cancelled
544,311,2024-05-03,Cancelled
545,311,2024-05-08,Pending
546,494,2023-08-02,Cancelled
547,383,2025-04-09,Completed
548,368,2025-01-12,Completed
549,59,2024-03-21,Cancelled
550,399,2023-07-22,Pending
551,420,2024-04-11,Pending
552,84,2023-08-01,Cancelled
553,494,2025-01-26,Completed
554,160,2025-02-26,Completed
555,56,2024-06-11,Cancelled
556,297,2025-01-18,Pending
557,14,2024-03-14,Cancelled
558,476,2023-09-09,Cancelled
559,160,2024-09-23,Cancelled
560,295,2024-05-01,Cancelled
561,347,2024-01-08,Completed
562,465,2024-04-21,Completed
563,491,2024-03-17,Cancelled
564,193,2023-10-02,Pending
565,204,2023-11-30,Cancelled
566,483,2024-01-20,Completed
567,367,2023-08-21,Completed
568,102,2024-10-21,Pending
569,39,2024-08-30,Cancelled
570,304,2024-04-12,Completed
571,354,2024-11-08,Completed
572,426,2023-10-01,Cancelled
573,322,2024-03-05,Cancelled
574,125,2024-01-15,Pending
575,53,2024-06-08,Pending
576,357,2025-01-30,Pending
577,396,2024-04-11,Cancelled
578,155,2023-07-28,Cancelled
579,436,2024-11-02,Pending
580,351,2024-12-14,Completed
581,308,2025-02-03,Completed
582,413,2025-04-23,Cancelled
583,62,2025-02-24,Completed
584,408,2025-01-11,Cancelled
585,290,2024-06-21,Pending
586,401,2023-12-23,Cancelled
587,22,2024-09-10,Cancelled
588,178,2024-04-05,Cancelled
589,273,2025-04-16,Completed
590,220,2024-04-22,Cancelled
591,339,2024-04-23,Completed
592,190,2023-10-17,Pending
593,36,2023-10-28,Pending
594,260,2023-11-25,Completed
595,332,2025-04-05,Cancelled
596,175,2025-04-02,Pending
597,7,2023-06-22,Cancelled
598,435,2023-11-23,Completed
599,216,2024-08-12,Cancelled
600,422,2023-09-26,Pending
601,251,2024-05-02,Cancelled
602,55,2023-10-07,Pending
603,222,2024-12-28,Cancelled
604,492,2023-06-10,Pending
605,186,2023-11-17,Pending
606,326,2023-07-20,Pending
607,457,2025-02-24,Completed
608,425,2025-01-24,Completed
609,236,2023-06-12,Completed
610,363,2023-08-25,Cancelled
611,79,2023-09-09,Cancelled
612,223,2024-09-25,Cancelled
613,91,2024-08-01,Pending
614,376,2024-01-23,Cancelled
615,268,2024-02-21,Completed
616,495,2023-08-14,Completed
617,334,2023-07-22,Pending
618,139,2025-05-09,Pending
619,316,2024-12-08,Cancelled
620,414,2023-11-27,Pending
621,471,2023-11-15,Completed
622,276,2024-06-15,Completed
623,397,2024-01-10,Completed
624,248,2025-03-19,Completed
625,239,2024-10-19,Pending
626,224,2025-04-11,Cancelled
627,423,2023-12-02,Cancelled
628,375,2024-01-27,Pending
629,304,2023-06-17,Cancelled
630,138,2023-07-10,Completed
631,166,2024-08-18,Pending
632,437,2024-02-19,Pending
633,126,2024-12-30,Completed
634,426,2024-08-24,Cancelled
635,479,2023-12-02,Pending
636,45,2024-05-04,Cancelled
637,143,2024-12-12,Completed
638,452,2023-05-27,Cancelled
639,231,2025-01-11,Pending
640,125,2023-09-17,Pending
641,385,2024-10-12,Cancelled
642,238,2024-01-10,Pending
643,292,2024-10-02,Cancelled
644,313,2025-02-03,Pending
645,343,2024-01-23,Pending
646,195,2024-03-04,Pending
647,173,2024-08-26,Cancelled
648,15,2024-07-21,Pending
649,254,2025-01-30,Pending
650,436,2025-02-01,Cancelled
651,167,2024-12-19,Cancelled
652,94,2023-06-09,Completed
653,250,2024-02-06,Cancelled
654,109,2024-02-29,Cancelled
655,182,2024-01-07,Pending
656,409,2024-03-31,Completed
657,133,2023-09-14,Cancelled
658,175,2024-08-14,Pending
659,144,2023-06-11,Cancelled
660,451,2025-03-07,Pending
661,306,2024-07-06,Pending
662,360,2023-09-02,Pending
663,451,2024-01-11,Completed
664,142,2023-09-16,Pending
665,285,2024-02-16,Cancelled
666,6,2024-07-02,Cancelled
667,265,2024-06-16,Pending
668,486,2025-02-07,Pending
669,98,2025-03-12,Pending
670,44,2023-12-07,Completed
671,124,2023-10-11,Pending
672,369,2023-06-08,Completed
673,209,2024-07-13,Pending
674,251,2025-03-29,Cancelled
675,285,2023-09-18,Completed
676,389,2024-03-04,Pending
677,124,2024-07-18,Pending
678,354,2025-01-06,Pending
679,244,2024-07-14,Pending
680,331,2023-07-17,Cancelled
681,365,2025-05-19,Completed
682,252,2024-02-29,Pending
683,230,2025-05-12,Completed
684,406,2023-08-31,Completed
685,9,2024-05-14,Pending
686,48,2024-05-15,Pending
687,151,2025-01-27,Completed
688,114,2025-02-09,Completed
689,208,2024-01-10,Completed
690,355,2023-08-18,Cancelled
691,125,2025-05-07,Cancelled
692,157,2024-02-20,Cancelled
693,340,2024-11-27,Completed
694,298,2024-07-06,Cancelled
695,189,2024-06-15,Pending
696,243,2024-08-19,Completed
697,284,2025-01-28,Cancelled
698,272,2025-04-03,Pending
699,177,2024-08-22,Pending
700,218,2024-02-19,Cancelled
701,382,2023-07-29,Pending
702,282,2024-12-09,Pending
703,170,2025-01-13,Completed
704,181,2025-05-07,Pending
705,360,2023-10-26,Completed
706,233,2023-12-02,Pending
707,139,2023-12-25,Completed
708,157,2023-11-16,Pending
709,129,2025-04-12,Cancelled
710,119,2024-08-01,Pending
711,62,2023-06-17,Cancelled
712,370,2024-10-31,Pending
713,99,2024-02-18,Cancelled
714,162,2024-01-04,Cancelled
715,62,2023-07-13,Completed
716,381,2024-02-13,Cancelled
717,275,2025-03-19,Pending
718,487,2023-07-09,Cancelled
719,391,2023-10-24,Pending
720,354,2023-12-27,Cancelled
721,95,2023-07-29,Pending
722,99,2025-03-28,Pending
723,111,2025-04-14,Pending
724,379,2024-11-30,Pending
725,248,2023-11-02,Pending
726,142,2025-01-24,Cancelled
727,371,2023-09-05,Pending
728,302,2023-07-22,Cancelled
729,390,2023-11-02,Completed
730,269,2025-02-12,Completed
731,306,2024-06-19,Cancelled
732,145,2024-04-16,Pending
733,52,2023-09-20,Cancelled
734,427,2024-05-22,Completed
735,100,2024-07-08,Cancelled
736,152,2024-08-16,Cancelled
737,117,2024-03-20,Pending
738,185,2024-01-12,Completed
739,92,2024-09-14,Pending
740,155,2024-05-28,Pending
741,8,2024-02-27,Cancelled
742,363,2025-02-09,Cancelled
743,274,2023-10-26,Cancelled
744,65,2024-06-03,Cancelled
745,141,2025-05-11,Pending
746,24,2024-12-09,Pending
747,499,2024-07-16,Cancelled
748,28,2024-07-07,Cancelled
749,284,2025-01-23,Completed
750,150,2024-10-30,Pending
751,358,2024-01-24,Pending
752,484,2025-03-12,Pending
753,65,2024-09-15,Cancelled
754,327,2025-04-09,Cancelled
755,445,2024-09-11,Cancelled
756,386,2024-10-25,Completed
757,252,2024-03-10,Cancelled
758,53,2023-12-12,Completed
759,447,2025-02-18,Cancelled
760,7,2024-04-26,Pending
761,294,2024-12-26,Completed
762,146,2024-02-06,Cancelled
763,241,2024-05-08,Cancelled
764,246,2024-06-22,Pending
765,226,2024-03-22,Cancelled
766,175,2023-09-20,Pending
767,95,2023-12-09,Cancelled
768,495,2024-06-28,Completed
769,27,2023-12-24,Completed
770,130,2023-12-06,Pending
771,482,2025-02-17,Cancelled
772,442,2024-09-19,Pending
773,245,2024-05-04,Pending
774,59,2024-02-11,Cancelled
775,421,2024-01-31,Completed
776,34,2023-09-27,Completed
777,206,2025-04-13,Pending
778,252,2024-06-08,Pending
779,38,2023-07-15,Pending
780,296,2024-08-20,Completed
781,323,2023-09-26,Completed
782,352,2023-07-26,Completed
783,28,2025-04-10,Pending
784,78,2024-04-08,Pending
785,77,2023-06-29,Completed
786,416,2024-02-17,Pending
787,289,2024-10-25,Completed
788,486,2024-02-16,Completed
789,156,2024-02-15,Completed
790,44,2024-03-24,Cancelled
791,128,2024-09-16,Cancelled
792,61,2024-09-26,Pending
793,286,2025-01-17,Cancelled
794,392,2024-12-02,Completed
795,214,2024-09-10,Pending
796,311,2024-03-27,Completed
797,306,2025-03-26,Completed
798,405,2025-01-12,Pending
799,317,2025-02-19,Completed
800,116,2025-03-28,Cancelled
801,398,2024-02-10,Pending
802,268,2023-12-10,Cancelled
803,195,2025-04-08,Cancelled
804,231,2025-02-21,Pending
805,466,2024-05-17,Completed
806,227,2025-04-03,Cancelled
807,153,2024-04-20,Cancelled
808,441,2025-04-20,Cancelled
809,302,2025-02-26,Pending
810,220,2024-04-13,Completed
811,157,2024-12-13,Completed
812,292,2024-10-26,Pending
813,318,2025-01-02,Pending
814,31,2024-09-12,Completed
815,313,2024-10-10,Pending
816,492,2023-07-15,Pending
817,379,2024-09-04,Pending
818,51,2025-01-17,Completed
819,486,2025-02-11,Completed
820,391,2024-03-02,Cancelled
821,107,2024-12-16,Completed
822,321,2024-10-12,Completed
823,109,2024-04-19,Cancelled
824,136,2025-04-19,Cancelled
825,339,2025-05-19,Completed
826,42,2024-05-04,Pending
827,81,2025-04-22,Cancelled
828,123,2023-11-28,Completed
829,89,2025-02-16,Completed
830,283,2023-08-03,Cancelled
831,39,2023-08-12,Pending
832,81,2024-06-29,Pending
833,2,2024-03-13,Completed
834,210,2024-03-09,Cancelled
835,231,2024-07-09,Cancelled
836,353,2023-11-08,Cancelled
837,305,2023-11-26,Pending
838,241,2023-12-04,Pending
839,150,2024-05-26,Pending
840,17,2024-03-21,Cancelled
841,119,2024-12-25,Completed
842,148,2024-06-30,Pending
843,362,2024-12-14,Cancelled
844,145,2024-06-04,Cancelled
845,360,2025-01-03,Completed
846,441,2024-05-15,Completed
847,233,2025-02-23,Cancelled
848,37,2024-09-25,Completed
849,352,2024-12-21,Pending
850,120,2023-06-07,Cancelled
851,474,2023-12-10,Pending
852,136,2023-08-23,Cancelled
853,404,2023-12-09,Pending
854,406,2024-11-04,Completed
855,321,2024-08-15,Completed
856,302,2024-06-10,Pending
857,339,2024-03-15,Cancelled
858,412,2024-12-07,Cancelled
859,479,2023-09-05,Pending
860,102,2024-10-07,Pending
861,218,2025-05-05,Completed
862,59,2023-09-14,Completed
863,279,2024-02-10,Pending
864,116,2023-10-23,Pending
865,332,2024-06-21,Cancelled
866,77,2025-05-08,Cancelled
867,466,2024-06-22,Pending
868,137,2024-07-02,Cancelled
869,424,2024-12-07,Completed
870,73,2024-09-01,Cancelled
871,37,2024-07-06,Pending
872,31,2024-10-12,Completed
873,85,2024-03-31,Completed
874,406,2023-12-27,Completed
875,158,2024-11-16,Cancelled
876,305,2024-04-09,Cancelled
877,384,2024-04-25,Completed
878,423,2023-07-13,Completed
879,292,2025-04-02,Cancelled
880,472,2024-12-21,Cancelled
881,148,2024-11-08,Completed
882,225,2024-03-20,Cancelled
883,64,2024-03-04,Cancelled
884,240,2023-10-31,Cancelled
885,353,2023-09-21,Cancelled
886,156,2025-05-04,Pending
887,359,2024-02-08,Pending
888,207,2024-09-25,Pending
889,483,2023-12-23,Completed
890,140,2023-08-05,Cancelled
891,257,2023-08-24,Pending
892,277,2023-11-18,Cancelled
893,253,2025-03-05,Pending
894,225,2024-02-10,Completed
895,42,2024-07-22,Completed
896,307,2023-07-23,Pending
897,21,2023-07-25,Completed
898,456,2023-12-25,Cancelled
899,222,2024-01-07,Cancelled
900,377,2025-03-30,Completed
901,166,2023-10-01,Cancelled
902,310,2023-08-22,Pending
903,129,2024-01-12,Pending
904,14,2025-03-24,Pending
905,47,2024-11-07,Cancelled
906,118,2024-06-08,Pending
907,493,2024-01-12,Completed
908,346,2023-06-03,Pending
909,429,2024-07-20,Cancelled
910,441,2024-11-16,Cancelled
911,295,2024-01-22,Pending
912,301,2025-04-17,Completed
913,487,2023-12-27,Completed
914,11,2023-07-26,Completed
915,392,2024-01-10,Cancelled
916,345,2024-07-12,Completed
917,421,2024-09-17,Cancelled
918,138,2024-06-06,Pending
919,296,2024-05-11,Pending
920,21,2024-05-12,Cancelled
921,391,2024-04-26,Cancelled
922,388,2024-06-01,Pending
923,90,2025-02-16,Pending
924,241,2025-04-25,Cancelled
925,266,2023-07-17,Pending
926,334,2024-04-30,Pending
927,227,2024-06-09,Completed
928,470,2024-09-19,Completed
929,143,2023-12-29,Pending
930,93,2023-12-30,Pending
931,300,2025-01-09,Completed
932,224,2023-09-04,Pending
933,326,2024-11-17,Cancelled
934,417,2024-05-05,Pending
935,252,2025-05-22,Pending
936,497,2024-05-31,Cancelled
937,47,2025-02-05,Completed
938,241,2023-07-10,Pending
939,179,2024-08-21,Completed
940,210,2023-11-23,Completed
941,171,2023-08-02,Pending
942,165,2025-04-24,Pending
943,344,2024-02-13,Completed
944,54,2023-07-31,Pending
945,440,2023-08-30,Pending
946,83,2023-10-29,Completed
947,169,2025-02-12,Completed
948,211,2023-07-12,Cancelled
949,356,2024-09-20,Pending
950,254,2023-07-09,Cancelled
951,148,2023-11-03,Completed
952,340,2023-07-13,Pending
953,484,2025-03-10,Completed
954,206,2023-11-20,Pending
955,417,2023-09-20,Pending
956,390,2023-09-09,Cancelled
957,282,2024-03-19,Completed
958,19,2024-03-17,Pending
959,233,2023-10-31,Cancelled
960,46,2023-12-24,Completed
961,162,2024-05-06,Cancelled
962,130,2025-02-03,Completed
963,166,2024-10-10,Pending
964,60,2023-12-29,Cancelled
965,497,2025-04-27,Cancelled
966,396,2024-04-02,Pending
967,207,2024-06-12,Completed
968,443,2024-01-01,Pending
969,264,2024-11-11,Cancelled
970,423,2024-01-10,Pending
971,1,2023-12-28,Cancelled
972,337,2024-10-12,Pending
973,446,2023-06-26,Completed
974,278,2024-08-06,Cancelled
975,237,2024-08-23,Cancelled
976,212,2024-09-05,Completed
977,28,2023-07-19,Pending
978,97,2023-08-10,Completed
979,266,2024-05-21,Pending
980,186,2023-11-16,Completed
981,319,2025-01-10,Completed
982,388,2025-04-28,Cancelled
983,256,2024-01-22,Cancelled
984,321,2024-08-14,Pending
985,227,2024-09-01,Completed
986,390,2024-10-04,Pending
987,27,2024-11-02,Completed
988,105,2024-07-17,Completed
989,137,2024-01-04,Cancelled
990,282,2023-07-05,Completed
991,68,2025-02-09,Cancelled
992,475,2024-11-08,Cancelled
993,148,2024-11-13,Completed
994,225,2025-01-31,Completed
995,451,2024-05-21,Pending
996,358,2024-08-01,Pending
997,249,2024-12-21,Pending
998,63,2025-04-20,Cancelled
999,15,2023-12-29,Cancelled
1000,499,2024-12-11,Cancelled
1001,323,2025-03-18,Cancelled
1002,312,2024-07-07,Cancelled
1003,410,2024-05-05,Cancelled
1004,123,2024-10-04,Completed
1005,364,2024-03-20,Pending
1006,82,2024-10-12,Pending
1007,160,2025-01-10,Pending
1008,283,2024-08-07,Completed
1009,8,2024-06-01,Pending
1010,283,2024-04-05,Cancelled
1011,209,2025-03-30,Completed
1012,48,2025-05-24,Completed
1013,116,2025-04-16,Pending
1014,431,2024-02-24,Cancelled
1015,468,2023-10-14,Pending
1016,59,2023-07-22,Completed
1017,237,2024-10-03,Pending
1018,485,2023-07-23,Completed
1019,61,2024-05-11,Completed
1020,332,2024-05-30,Completed
1021,427,2024-02-14,Cancelled
1022,79,2023-12-14,Cancelled
1023,256,2024-08-31,Pending
1024,478,2023-07-01,Pending
1025,367,2024-03-08,Pending
1026,150,2024-03-13,Cancelled
1027,261,2023-12-07,Pending
1028,362,2024-10-22,Cancelled
1029,140,2023-08-05,Completed
1030,213,2025-01-17,Completed
1031,428,2023-12-16,Cancelled
1032,248,2025-02-13,Cancelled
1033,242,2025-05-15,Completed
1034,125,2024-05-11,Cancelled
1035,234,2024-02-03,Completed
1036,283,2023-07-08,Pending
1037,75,2024-04-30,Completed
1038,197,2025-04-25,Completed
1039,98,2024-02-11,Pending
1040,472,2024-08-21,Cancelled
1041,307,2025-05-23,Pending
1042,261,2023-11-08,Completed
1043,383,2024-01-02,Completed
1044,451,2024-11-03,Completed
1045,70,2023-11-25,Completed
1046,443,2024-03-23,Completed
1047,36,2025-01-21,Pending
1048,142,2024-02-15,Completed
1049,396,2023-11-24,Cancelled
1050,405,2024-01-16,Pending
1051,438,2025-02-17,Pending
1052,213,2023-11-27,Pending
1053,175,2024-01-24,Completed
1054,479,2024-05-25,Completed
1055,404,2024-11-14,Pending
1056,260,2023-09-04,Completed
1057,137,2025-04-25,Cancelled
1058,421,2023-10-10,Cancelled
1059,2,2024-03-21,Completed
1060,145,2024-10-13,Pending
1061,372,2024-12-07,Completed
1062,153,2023-09-28,Completed
1063,429,2024-03-10,Completed
1064,301,2023-10-31,Pending
1065,297,2024-02-02,Cancelled
1066,338,2025-02-20,Completed
1067,251,2023-08-05,Pending
1068,444,2024-04-17,Pending
1069,77,2025-03-03,Cancelled
1070,229,2024-10-01,Pending
1071,276,2024-12-02,Pending
1072,248,2023-06-15,Pending
1073,177,2024-10-03,Cancelled
1074,171,2023-10-31,Completed
1075,283,2024-01-31,Cancelled
1076,391,2024-07-21,Completed
1077,279,2023-09-02,Pending
1078,194,2024-05-29,Pending
1079,234,2023-12-16,Completed
1080,478,2023-09-23,Cancelled
1081,165,2024-11-15,Cancelled
1082,446,2024-10-09,Cancelled
1083,97,2024-10-01,Completed
1084,358,2024-02-19,Pending
1085,123,2025-03-19,Pending
1086,293,2024-11-05,Pending
1087,197,2024-09-18,Completed
1088,120,2023-12-02,Pending
1089,439,2024-03-24,Pending
1090,398,2024-11-20,Cancelled
1091,211,2025-03-14,Pending
1092,23,2025-03-10,Cancelled
1093,163,2023-11-23,Completed
1094,382,2023-11-11,Cancelled
1095,243,2024-11-04,Pending
1096,362,2023-10-11,Pending
1097,468,2024-11-25,Cancelled
1098,416,2023-05-29,Pending
1099,196,2024-03-11,Cancelled
1100,198,2025-04-20,Pending
1101,340,2024-07-24,Cancelled
1102,406,2025-03-06,Cancelled
1103,421,2024-08-04,Completed
1104,334,2025-02-17,Cancelled
1105,78,2023-10-03,Cancelled
1106,254,2025-03-19,Completed
1107,494,2024-03-10,Pending
1108,19,2024-08-11,Cancelled
1109,65,2024-12-26,Completed
1110,258,2024-07-25,Completed
1111,495,2024-02-24,Cancelled
1112,303,2025-03-29,Pending
1113,170,2025-05-03,Completed
1114,446,2023-06-26,Cancelled
1115,52,2024-08-11,Completed
1116,448,2023-06-26,Pending
1117,433,2023-10-01,Cancelled
1118,226,2024-11-13,Cancelled
1119,52,2024-01-29,Pending
1120,270,2023-11-11,Pending
1121,467,2024-12-27,Completed
1122,234,2024-01-21,Cancelled
1123,8,2024-07-27,Completed
1124,370,2025-01-20,Cancelled
1125,74,2024-12-14,Completed
1126,210,2024-12-25,Cancelled
1127,446,2024-05-27,Pending
1128,336,2024-06-12,Completed
1129,497,2024-07-05,Cancelled
1130,80,2024-11-14,Cancelled
1131,39,2024-07-27,Completed
1132,241,2025-04-14,Pending
1133,401,2023-06-25,Pending
1134,497,2025-02-05,Completed
1135,136,2025-05-19,Completed
1136,174,2024-10-22,Cancelled
1137,320,2024-02-18,Cancelled
1138,355,2024-11-20,Pending
1139,204,2023-10-10,Pending
1140,333,2023-08-29,Pending
1141,42,2024-05-07,Completed
1142,437,2025-02-02,Completed
1143,169,2024-05-23,Completed
1144,437,2024-02-28,Pending
1145,346,2023-11-14,Pending
1146,440,2024-05-26,Pending
1147,274,2024-02-05,Pending
1148,195,2024-05-11,Completed
1149,489,2023-09-21,Cancelled
1150,163,2023-06-29,Completed
1151,321,2023-09-22,Cancelled
1152,368,2023-08-11,Cancelled
1153,455,2024-09-13,Completed
1154,389,2025-05-23,Completed
1155,250,2024-08-02,Completed
1156,447,2025-01-27,Pending
1157,278,2024-06-03,Completed
1158,19,2024-12-03,Pending
1159,317,2023-08-06,Cancelled
1160,36,2023-10-18,Completed
1161,121,2023-06-07,Pending
1162,324,2023-12-20,Pending
1163,351,2025-01-04,Pending
1164,472,2025-02-03,Completed
1165,148,2023-06-08,Cancelled
1166,117,2024-12-30,Completed
1167,383,2024-02-23,Pending
1168,47,2024-03-18,Cancelled
1169,223,2023-06-11,Cancelled
1170,51,2024-02-07,Cancelled
1171,390,2023-08-25,Cancelled
1172,325,2024-11-08,Pending
1173,361,2024-07-06,Pending
1174,447,2025-03-14,Cancelled
1175,52,2025-03-04,Cancelled
1176,228,2023-09-06,Cancelled
1177,86,2024-08-06,Cancelled
1178,356,2024-03-28,Pending
1179,154,2025-03-02,Cancelled
1180,463,2024-07-21,Cancelled
1181,15,2025-05-22,Completed
1182,24,2024-01-27,Pending
1183,167,2024-03-03,Cancelled
1184,408,2024-08-27,Cancelled
1185,29,2024-12-07,Completed
1186,151,2023-10-05,Cancelled
1187,184,2024-01-05,Cancelled
1188,192,2024-11-17,Cancelled
1189,221,2023-11-27,Completed
1190,75,2024-02-26,Pending
1191,126,2024-05-07,Completed
1192,272,2024-05-19,Pending
1193,211,2023-12-19,Completed
1194,290,2023-11-23,Completed
1195,350,2024-10-08,Cancelled
1196,406,2025-05-04,Pending
1197,93,2024-11-10,Pending
1198,88,2023-12-13,Pending
1199,90,2025-02-10,Pending
1200,41,2024-02-22,Cancelled
1201,313,2023-07-02,Cancelled
1202,446,2024-01-15,Completed
1203,196,2024-03-10,Completed
1204,318,2024-07-09,Cancelled
1205,350,2024-06-18,Completed
1206,124,2023-06-22,Cancelled
1207,255,2023-09-27,Pending
1208,468,2025-04-16,Completed
1209,299,2023-08-09,Cancelled
1210,74,2023-06-17,Pending
1211,119,2025-03-21,Pending
1212,237,2024-05-01,Pending
1213,327,2024-02-19,Cancelled
1214,131,2024-10-10,Cancelled
1215,236,2024-05-29,Cancelled
1216,131,2024-01-26,Pending
1217,342,2024-12-04,Pending
1218,5,2023-11-02,Pending
1219,461,2025-02-05,Cancelled
1220,412,2024-01-16,Cancelled
1221,239,2024-03-18,Completed
1222,462,2024-06-10,Pending
1223,148,2024-04-15,Cancelled
1224,347,2024-01-09,Completed
1225,280,2023-12-26,Completed
1226,81,2024-04-26,Pending
1227,38,2024-06-11,Pending
1228,227,2024-09-28,Cancelled
1229,484,2023-12-14,Completed
1230,177,2023-08-19,Pending
1231,301,2024-08-24,Pending
1232,154,2023-10-15,Completed
1233,328,2024-07-26,Pending
1234,493,2024-11-22,Completed
1235,218,2025-01-16,Completed
1236,354,2023-07-28,Pending
1237,129,2023-08-17,Completed
1238,234,2024-10-26,Completed
1239,433,2025-04-12,Cancelled
1240,155,2023-11-03,Completed
1241,102,2024-05-12,Pending
1242,197,2024-12-09,Completed
1243,437,2023-08-03,Completed
1244,248,2024-03-04,Pending
1245,55,2023-07-19,Completed
1246,122,2023-10-25,Completed
1247,196,2024-10-10,Completed
1248,293,2023-07-15,Pending
1249,184,2025-01-19,Cancelled
1250,295,2024-01-14,Cancelled
1251,152,2023-06-30,Completed
1252,359,2024-02-02,Pending
1253,152,2023-08-20,Pending
1254,12,2024-06-02,Pending
1255,425,2023-11-25,Pending
1256,338,2024-02-23,Cancelled
1257,203,2024-07-02,Pending
1258,141,2025-03-16,Cancelled
1259,5,2023-10-09,Completed
1260,290,2024-10-07,Completed
1261,443,2023-06-20,Pending
1262,352,2025-05-04,Pending
1263,399,2023-06-15,Cancelled
1264,382,2023-08-30,Completed
1265,499,2025-01-23,Completed
1266,26,2023-10-29,Pending
1267,467,2023-07-31,Pending
1268,311,2025-01-12,Cancelled
1269,382,2023-12-31,Pending
1270,255,2024-02-28,Cancelled
1271,427,2023-09-24,Completed
1272,463,2023-11-21,Pending
1273,463,2025-02-17,Pending
1274,147,2023-06-11,Pending
1275,398,2024-11-18,Cancelled
1276,410,2024-10-04,Completed
1277,118,2024-05-21,Completed
1278,311,2025-01-07,Completed
1279,411,2024-09-21,Pending
1280,181,2025-04-25,Completed
1281,113,2025-05-15,Completed
1282,326,2024-04-15,Completed
1283,98,2025-05-23,Pending
1284,318,2024-11-28,Pending
1285,129,2023-11-07,Cancelled
1286,348,2025-01-18,Cancelled
1287,387,2024-10-22,Cancelled
1288,370,2024-03-10,Cancelled
1289,393,2023-08-20,Completed
1290,338,2023-12-10,Cancelled
1291,349,2025-04-26,Cancelled
1292,430,2024-12-24,Cancelled
1293,71,2023-11-29,Pending
1294,322,2025-03-22,Completed
1295,50,2023-12-11,Pending
1296,463,2025-01-22,Completed
1297,322,2023-08-19,Cancelled
1298,331,2024-01-18,Pending
1299,21,2024-07-08,Completed
1300,159,2024-11-26,Pending
1301,404,2023-09-17,Pending
1302,226,2024-03-24,Completed
1303,18,2024-06-09,Completed
1304,297,2024-05-20,Cancelled
1305,187,2023-08-22,Cancelled
1306,375,2024-07-18,Cancelled
1307,68,2024-01-13,Pending
1308,47,2025-03-28,Cancelled
1309,466,2025-04-25,Completed
1310,152,2024-11-15,Pending
1311,168,2025-04-17,Completed
1312,383,2024-05-20,Pending
1313,213,2025-04-13,Completed
1314,90,2023-10-06,Completed
1315,103,2023-07-20,Cancelled
1316,68,2024-10-05,Cancelled
1317,403,2024-08-21,Pending
1318,277,2024-08-22,Cancelled
1319,449,2024-01-15,Pending
1320,498,2023-06-14,Completed
1321,188,2023-11-05,Pending
1322,272,2023-07-24,Completed
1323,257,2024-01-10,Completed
1324,468,2023-11-26,Completed
1325,140,2025-04-09,Pending
1326,426,2023-09-11,Pending
1327,85,2023-07-23,Cancelled
1328,132,2025-01-21,Cancelled
1329,468,2023-07-03,Completed
1330,423,2023-12-22,Completed
1331,484,2024-07-16,Pending
1332,247,2024-12-14,Cancelled
1333,496,2023-08-25,Pending
1334,413,2023-12-31,Pending
1335,152,2025-05-23,Pending
1336,383,2024-10-17,Completed
1337,446,2024-02-27,Completed
1338,174,2024-12-22,Cancelled
1339,412,2025-03-05,Completed
1340,59,2025-03-30,Completed
1341,240,2024-09-28,Pending
1342,494,2024-05-06,Completed
1343,39,2023-08-21,Pending
1344,73,2023-12-28,Cancelled
1345,387,2024-11-18,Completed
1346,495,2023-09-19,Cancelled
1347,116,2025-04-26,Completed
1348,441,2024-01-30,Pending
1349,347,2023-08-05,Completed
1350,371,2025-05-13,Pending
1351,346,2024-03-23,Cancelled
1352,204,2023-06-23,Pending
1353,496,2025-03-06,Pending
1354,434,2025-02-09,Cancelled
1355,412,2024-02-29,Cancelled
1356,286,2024-02-08,Pending
1357,188,2025-03-26,Completed
1358,47,2025-04-23,Pending
1359,405,2023-09-28,Pending
1360,203,2023-06-21,Completed
1361,8,2023-12-11,Pending
1362,136,2023-10-26,Pending
1363,275,2023-10-28,Cancelled
1364,64,2023-07-02,Completed
1365,233,2024-04-19,Completed
1366,189,2023-09-10,Cancelled
1367,345,2023-07-08,Completed
1368,384,2024-06-24,Completed
1369,345,2024-05-26,Cancelled
1370,135,2025-04-13,Pending
1371,300,2024-06-23,Pending
1372,196,2024-03-23,Pending
1373,422,2023-08-26,Cancelled
1374,327,2025-01-13,Cancelled
1375,482,2025-01-04,Completed
1376,191,2023-08-25,Pending
1377,56,2023-10-04,Cancelled
1378,346,2023-10-23,Cancelled
1379,120,2023-12-14,Cancelled
1380,242,2025-02-11,Completed
1381,13,2025-02-15,Cancelled
1382,318,2024-12-03,Pending
1383,453,2024-03-12,Cancelled
1384,483,2023-06-26,Cancelled
1385,288,2025-01-06,Completed
1386,168,2023-07-02,Pending
1387,469,2024-07-30,Pending
1388,313,2023-09-15,Pending
1389,114,2024-03-30,Cancelled
1390,332,2024-01-31,Completed
1391,33,2024-07-01,Pending
1392,326,2025-01-24,Cancelled
1393,422,2023-10-24,Completed
1394,238,2025-03-27,Pending
1395,466,2023-09-16,Completed
1396,359,2024-10-08,Completed
1397,155,2023-07-21,Cancelled
1398,333,2025-02-05,Completed
1399,210,2024-04-24,Cancelled
1400,60,2024-09-24,Pending
1401,72,2024-05-10,Pending
1402,24,2023-12-27,Completed
1403,485,2023-06-15,Pending
1404,20,2024-06-15,Cancelled
1405,156,2024-03-19,Cancelled
1406,253,2025-04-21,Cancelled
1407,60,2023-10-10,Completed
1408,50,2024-01-22,Completed
1409,121,2023-08-26,Completed
1410,455,2024-07-04,Cancelled
1411,276,2023-12-25,Cancelled
1412,70,2025-04-13,Cancelled
1413,199,2024-11-18,Cancelled
1414,233,2025-01-26,Completed
1415,190,2023-12-17,Completed
1416,344,2023-06-22,Completed
1417,487,2025-05-13,Completed
1418,381,2025-02-09,Cancelled
1419,357,2024-04-10,Cancelled
1420,485,2025-02-17,Pending
1421,277,2024-01-19,Pending
1422,215,2024-04-23,Pending
1423,301,2025-02-01,Cancelled
1424,381,2025-01-30,Completed
1425,373,2025-01-21,Completed
1426,80,2023-10-10,Completed
1427,454,2024-08-07,Cancelled
1428,213,2024-03-20,Pending
1429,336,2024-06-18,Completed
1430,51,2024-12-11,Pending
1431,427,2024-03-26,Pending
1432,251,2023-10-21,Cancelled
1433,316,2023-07-29,Cancelled
1434,209,2023-06-10,Completed
1435,481,2025-01-15,Cancelled
1436,488,2024-05-15,Cancelled
1437,144,2024-07-07,Cancelled
1438,17,2023-11-08,Completed
1439,354,2025-05-23,Pending
1440,190,2024-10-08,Pending
1441,112,2024-03-27,Completed
1442,228,2024-07-11,Pending
1443,228,2023-07-20,Pending
1444,487,2024-08-02,Completed
1445,121,2023-06-28,Pending
1446,438,2024-03-03,Cancelled
1447,186,2024-02-13,Completed
1448,51,2023-12-04,Completed
1449,352,2023-08-25,Cancelled
1450,189,2025-03-07,Cancelled
1451,279,2024-07-31,Cancelled
1452,462,2024-06-23,Cancelled
1453,331,2024-11-20,Completed
1454,184,2023-12-27,Completed
1455,32,2024-10-30,Completed
1456,204,2023-10-02,Cancelled
1457,142,2024-01-06,Cancelled
1458,98,2024-06-14,Cancelled
1459,496,2023-08-23,Cancelled
1460,63,2023-11-17,Cancelled
1461,486,2023-10-01,Completed
1462,435,2025-01-29,Cancelled
1463,422,2024-11-13,Cancelled
1464,233,2024-07-23,Completed
1465,47,2025-04-02,Pending
1466,340,2024-11-07,Pending
1467,109,2024-06-12,Cancelled
1468,329,2023-12-01,Pending
1469,328,2024-07-08,Pending
1470,306,2023-05-31,Completed
1471,498,2025-02-16,Cancelled
1472,11,2024-02-23,Completed
1473,26,2024-08-27,Completed
1474,403,2023-11-17,Cancelled
1475,171,2024-04-24,Completed
1476,125,2025-01-13,Cancelled
1477,65,2024-07-29,Cancelled
1478,403,2025-02-13,Pending
1479,290,2025-01-22,Cancelled
1480,106,2024-06-07,Cancelled
1481,36,2023-07-08,Cancelled
1482,425,2024-10-10,Cancelled
1483,392,2023-09-07,Cancelled
1484,284,2024-07-30,Pending
1485,107,2023-08-23,Pending
1486,301,2024-01-15,Completed
1487,111,2024-11-29,Cancelled
1488,417,2024-03-16,Cancelled
1489,446,2024-12-01,Pending
1490,120,2024-01-09,Pending
1491,169,2024-10-20,Completed
1492,397,2024-12-07,Cancelled
1493,76,2024-04-02,Cancelled
1494,404,2025-01-19,Completed
1495,462,2025-01-27,Cancelled
1496,306,2024-08-11,Cancelled
1497,2,2024-03-30,Cancelled
1498,142,2024-01-27,Pending
1499,440,2025-03-31,Pending
1500,75,2024-05-14,Pending
1501,67,2024-08-13,Cancelled
1502,277,2025-03-04,Pending
1503,129,2025-02-14,Completed
1504,409,2023-08-16,Cancelled
1505,90,2023-09-08,Cancelled
1506,57,2024-09-17,Cancelled
1507,339,2025-02-21,Cancelled
1508,444,2023-10-21,Cancelled
1509,14,2024-04-01,Completed
1510,68,2024-01-26,Pending
1511,8,2024-06-14,Completed
1512,184,2025-01-14,Pending
1513,405,2024-10-20,Pending
1514,404,2024-05-09,Completed
1515,122,2023-11-23,Pending
1516,302,2024-08-14,Pending
1517,166,2024-02-27,Completed
1518,9,2024-08-20,Pending
1519,90,2023-07-27,Cancelled
1520,136,2024-01-10,Pending
1521,27,2023-12-07,Completed
1522,65,2023-12-15,Cancelled
1523,380,2024-01-23,Cancelled
1524,216,2023-07-27,Pending
1525,270,2024-09-07,Completed
1526,59,2023-10-30,Cancelled
1527,382,2025-01-16,Pending
1528,33,2024-09-10,Cancelled
1529,244,2023-06-23,Completed
1530,230,2024-08-29,Pending
1531,399,2025-01-09,Cancelled
1532,186,2025-03-15,Completed
1533,263,2023-05-29,Cancelled
1534,304,2023-07-17,Pending
1535,56,2023-08-15,Completed
1536,232,2025-01-21,Pending
1537,258,2025-01-17,Cancelled
1538,114,2024-02-25,Cancelled
1539,485,2023-07-26,Completed
1540,315,2025-01-08,Cancelled
1541,23,2023-10-26,Pending
1542,373,2024-08-16,Cancelled
1543,402,2023-10-03,Pending
1544,466,2024-11-30,Cancelled
1545,444,2024-06-20,Pending
1546,338,2025-01-15,Pending
1547,267,2025-02-01,Pending
1548,155,2024-03-12,Cancelled
1549,235,2025-04-29,Pending
1550,330,2024-11-04,Completed
1551,494,2023-08-27,Cancelled
1552,16,2024-10-17,Pending
1553,32,2024-12-03,Pending
1554,246,2024-02-13,Pending
1555,434,2025-01-07,Pending
1556,206,2024-11-02,Completed
1557,219,2025-03-11,Completed
1558,352,2023-08-22,Completed
1559,56,2024-07-28,Pending
1560,252,2023-09-18,Pending
1561,365,2024-01-15,Cancelled
1562,466,2025-01-08,Completed
1563,228,2025-01-27,Pending
1564,38,2024-06-29,Pending
1565,461,2024-06-18,Completed
1566,42,2024-09-12,Pending
1567,165,2024-05-15,Pending
1568,312,2023-08-29,Pending
1569,76,2024-02-28,Pending
1570,34,2024-12-06,Cancelled
1571,65,2024-08-02,Cancelled
1572,141,2025-01-12,Cancelled
1573,320,2024-11-30,Completed
1574,325,2024-03-30,Completed
1575,300,2023-06-13,Completed
1576,281,2023-09-29,Cancelled
1577,365,2023-09-09,Completed
1578,167,2024-08-13,Pending
1579,196,2023-12-25,Pending
1580,306,2023-07-22,Pending
1581,272,2023-09-02,Pending
1582,151,2023-10-10,Pending
1583,233,2023-06-29,Pending
1584,259,2024-01-03,Pending
1585,310,2024-01-20,Completed
1586,221,2025-01-03,Cancelled
1587,51,2023-06-16,Cancelled
1588,407,2024-06-21,Cancelled
1589,360,2024-12-12,Cancelled
1590,59,2023-07-11,Pending
1591,437,2024-04-26,Pending
1592,336,2024-01-15,Pending
1593,334,2024-02-19,Pending
1594,450,2023-08-05,Completed
1595,394,2024-02-02,Cancelled
1596,283,2025-03-24,Completed
1597,370,2024-11-12,Cancelled
1598,444,2024-01-01,Completed
1599,111,2024-01-21,Cancelled
1600,221,2025-04-11,Cancelled
1601,232,2025-01-07,Completed
1602,455,2024-08-20,Completed
1603,117,2024-08-11,Pending
1604,212,2025-03-12,Completed
1605,174,2023-11-01,Cancelled
1606,424,2025-04-04,Cancelled
1607,233,2023-07-18,Cancelled
1608,205,2024-08-03,Cancelled
1609,213,2024-11-08,Completed
1610,374,2024-11-18,Pending
1611,49,2024-06-10,Cancelled
1612,161,2025-03-07,Cancelled
1613,219,2025-03-17,Cancelled
1614,161,2024-01-20,Completed
1615,341,2023-10-11,Cancelled
1616,131,2023-09-19,Pending
1617,192,2025-03-23,Pending
1618,489,2023-06-17,Cancelled
1619,79,2024-03-07,Cancelled
1620,352,2024-02-14,Completed
1621,473,2024-11-18,Cancelled
1622,243,2025-04-25,Completed
1623,35,2023-11-27,Pending
1624,47,2024-12-25,Completed
1625,426,2024-12-19,Completed
1626,44,2024-10-20,Cancelled
1627,48,2023-12-11,Pending
1628,222,2023-10-12,Completed
1629,50,2024-08-03,Pending
1630,382,2025-03-31,Completed
1631,379,2023-11-08,Pending
1632,191,2024-05-28,Completed
1633,416,2025-03-12,Pending
1634,67,2023-08-06,Completed
1635,285,2024-07-19,Pending
1636,31,2024-02-03,Completed
1637,301,2024-06-09,Cancelled
1638,490,2024-10-12,Pending
1639,288,2025-03-15,Cancelled
1640,288,2024-10-05,Cancelled
1641,169,2024-06-07,Completed
1642,344,2025-03-31,Cancelled
1643,63,2024-03-14,Pending
1644,211,2025-05-21,Completed
1645,182,2023-07-07,Completed
1646,448,2023-07-17,Pending
1647,341,2024-09-23,Pending
1648,482,2024-03-19,Cancelled
1649,385,2025-05-09,Cancelled
1650,217,2024-12-14,Completed
1651,445,2023-06-05,Pending
1652,469,2024-12-15,Pending
1653,370,2024-09-14,Completed
1654,27,2024-04-19,Cancelled
1655,496,2025-04-13,Pending
1656,148,2024-05-14,Cancelled
1657,308,2024-04-06,Cancelled
1658,160,2024-07-25,Completed
1659,181,2024-11-11,Pending
1660,54,2024-09-08,Completed
1661,296,2024-01-17,Completed
1662,260,2023-06-21,Cancelled
1663,109,2024-09-24,Pending
1664,80,2024-02-27,Completed
1665,337,2023-08-17,Pending
1666,247,2024-08-13,Completed
1667,115,2024-05-04,Pending
1668,434,2025-01-14,Completed
1669,56,2025-05-06,Cancelled
1670,180,2024-06-27,Cancelled
1671,433,2024-12-14,Completed
1672,285,2023-11-04,Cancelled
1673,189,2023-06-27,Completed
1674,59,2025-05-01,Cancelled
1675,391,2024-11-09,Pending
1676,143,2024-09-21,Cancelled
1677,294,2025-03-05,Pending
1678,116,2024-06-21,Pending
1679,414,2024-12-23,Cancelled
1680,220,2024-01-11,Pending
1681,433,2024-06-30,Cancelled
1682,288,2024-02-03,Pending
1683,499,2024-06-23,Cancelled
1684,393,2024-11-17,Pending
1685,420,2025-02-15,Completed
1686,319,2024-05-28,Cancelled
1687,315,2025-02-14,Cancelled
1688,346,2024-11-12,Cancelled
1689,330,2023-06-06,Pending
1690,286,2024-06-06,Completed
1691,14,2023-09-20,Pending
1692,312,2023-06-13,Pending
1693,476,2024-03-30,Cancelled
1694,337,2025-03-13,Pending
1695,425,2024-02-20,Pending
1696,356,2024-07-25,Completed
1697,137,2024-12-14,Pending
1698,15,2024-07-11,Completed
1699,93,2024-09-16,Cancelled
1700,140,2025-02-02,Completed
1701,360,2024-08-16,Completed
1702,391,2025-02-13,Cancelled
1703,159,2025-03-30,Completed
1704,472,2024-08-04,Completed
1705,174,2024-05-05,Cancelled
1706,180,2023-07-13,Pending
1707,4,2024-04-02,Completed
1708,93,2023-08-09,Pending
1709,446,2023-08-22,Cancelled
1710,74,2024-06-12,Cancelled
1711,290,2024-10-27,Pending
1712,337,2024-01-20,Completed
1713,206,2025-03-03,Pending
1714,36,2025-01-17,Cancelled
1715,73,2024-03-29,Cancelled
1716,380,2024-04-19,Completed
1717,325,2025-01-28,Cancelled
1718,498,2023-10-02,Pending
1719,16,2024-07-19,Pending
1720,47,2024-11-22,Pending
1721,383,2024-01-26,Pending
1722,272,2024-03-29,Completed
1723,111,2024-02-20,Pending
1724,193,2024-11-12,Completed
1725,215,2025-04-07,Cancelled
1726,233,2023-07-01,Cancelled
1727,175,2024-01-11,Completed
1728,81,2024-01-01,Completed
1729,190,2024-12-23,Cancelled
1730,160,2024-02-23,Cancelled
1731,370,2023-09-05,Pending
1732,167,2023-06-09,Completed
1733,398,2025-05-18,Cancelled
1734,483,2025-03-26,Completed
1735,291,2025-01-15,Cancelled
1736,306,2023-06-02,Completed
1737,44,2023-10-29,Completed
1738,453,2023-05-31,Cancelled
1739,27,2023-08-01,Pending
1740,80,2024-04-14,Pending
1741,81,2024-09-10,Pending
1742,387,2024-10-23,Cancelled
1743,317,2024-02-25,Cancelled
1744,26,2024-10-10,Pending
1745,346,2024-12-10,Cancelled
1746,42,2024-06-01,Cancelled
1747,140,2025-05-21,Pending
1748,227,2023-06-20,Cancelled
1749,339,2024-09-09,Cancelled
1750,218,2024-04-03,Completed
1751,249,2024-05-24,Completed
1752,311,2024-09-05,Pending
1753,227,2023-12-13,Completed
1754,213,2024-12-16,Completed
1755,140,2025-04-01,Cancelled
1756,111,2024-01-05,Completed
1757,387,2023-07-23,Cancelled
1758,263,2023-10-19,Completed
1759,59,2024-01-19,Pending
1760,177,2024-11-01,Cancelled
1761,221,2025-05-24,Completed
1762,57,2023-11-06,Cancelled
1763,146,2024-04-07,Pending
1764,348,2024-01-07,Pending
1765,348,2023-08-14,Cancelled
1766,304,2023-11-29,Pending
1767,250,2024-10-21,Pending
1768,270,2025-03-29,Completed
1769,342,2023-11-23,Pending
1770,158,2024-09-09,Completed
1771,24,2024-06-14,Cancelled
1772,113,2024-03-18,Pending
1773,203,2024-11-07,Cancelled
1774,307,2025-02-23,Pending
1775,29,2023-09-06,Completed
1776,4,2024-05-19,Pending
1777,105,2025-01-21,Cancelled
1778,155,2024-02-09,Pending
1779,485,2025-03-22,Completed
1780,109,2025-05-09,Cancelled
1781,393,2024-02-01,Completed
1782,71,2023-10-07,Pending
1783,392,2024-12-24,Pending
1784,131,2024-08-17,Completed
1785,149,2023-09-13,Cancelled
1786,168,2024-04-14,Completed
1787,62,2025-04-20,Cancelled
1788,4,2024-12-04,Cancelled
1789,255,2024-03-24,Cancelled
1790,383,2023-12-04,Completed
1791,221,2025-04-22,Cancelled
1792,90,2024-07-04,Completed
1793,67,2023-10-04,Completed
1794,195,2024-09-18,Completed
1795,273,2023-10-18,Pending
1796,361,2023-11-29,Pending
1797,118,2025-01-19,Pending
1798,257,2023-07-01,Cancelled
1799,287,2024-05-08,Pending
1800,427,2024-03-13,Pending
1801,343,2024-03-01,Pending
1802,413,2023-07-30,Cancelled
1803,182,2023-12-14,Completed
1804,37,2025-02-25,Pending
1805,204,2025-05-25,Completed
1806,442,2024-06-02,Completed
1807,380,2024-10-03,Completed
1808,22,2023-07-17,Completed
1809,224,2023-08-23,Pending
1810,10,2024-11-15,Cancelled
1811,236,2023-06-12,Pending
1812,472,2023-05-31,Cancelled
1813,40,2024-03-04,Pending
1814,442,2024-07-10,Pending
1815,161,2024-03-29,Completed
1816,295,2024-12-01,Cancelled
1817,220,2023-08-19,Pending
1818,294,2025-04-02,Cancelled
1819,208,2024-03-28,Cancelled
1820,364,2023-12-22,Pending
1821,328,2025-05-24,Cancelled
1822,214,2024-01-07,Pending
1823,149,2024-06-26,Pending
1824,59,2024-04-07,Completed
1825,208,2024-08-15,Completed
1826,11,2023-07-18,Cancelled
1827,495,2023-10-17,Completed
1828,167,2024-09-06,Cancelled
1829,88,2024-01-07,Pending
1830,411,2024-05-23,Completed
1831,486,2025-04-06,Pending
1832,317,2023-08-30,Completed
1833,236,2023-09-24,Completed
1834,426,2024-04-20,Completed
1835,354,2024-03-06,Pending
1836,471,2023-10-28,Cancelled
1837,186,2023-08-02,Completed
1838,46,2023-08-31,Pending
1839,224,2024-03-22,Cancelled
1840,433,2023-06-27,Cancelled
1841,55,2025-03-09,Completed
1842,125,2024-07-13,Pending
1843,224,2024-10-11,Pending
1844,302,2024-12-19,Cancelled
1845,206,2023-10-11,Pending
1846,269,2025-03-31,Cancelled
1847,41,2023-12-04,Cancelled
1848,203,2024-06-08,Cancelled
1849,446,2024-01-24,Completed
1850,159,2024-01-21,Pending
1851,382,2025-03-25,Completed
1852,174,2024-08-10,Cancelled
1853,114,2024-04-09,Pending
1854,171,2024-06-24,Pending
1855,399,2024-08-27,Cancelled
1856,87,2024-03-18,Pending
1857,40,2024-05-31,Cancelled
1858,262,2024-09-03,Cancelled
1859,325,2024-08-15,Cancelled
1860,59,2023-07-22,Cancelled
1861,272,2025-01-15,Pending
1862,262,2024-05-16,Completed
1863,100,2024-03-25,Pending
1864,464,2024-02-23,Completed
1865,398,2023-12-20,Pending
1866,179,2023-10-24,Cancelled
1867,180,2023-07-02,Pending
1868,373,2024-08-22,Pending
1869,491,2025-02-14,Pending
1870,420,2023-11-08,Cancelled
1871,331,2024-01-08,Completed
1872,418,2024-09-26,Pending
1873,76,2024-11-25,Cancelled
1874,121,2024-05-16,Completed
1875,53,2023-12-20,Cancelled
1876,75,2023-07-12,Completed
1877,132,2024-01-28,Cancelled
1878,102,2023-12-19,Cancelled
1879,89,2023-12-30,Cancelled
1880,309,2024-08-21,Cancelled
1881,79,2024-09-20,Cancelled
1882,390,2025-04-03,Pending
1883,389,2024-08-16,Pending
1884,336,2024-12-04,Completed
1885,39,2024-11-09,Pending
1886,91,2024-06-06,Cancelled
1887,488,2023-07-18,Cancelled
1888,396,2023-08-28,Pending
1889,322,2023-06-27,Completed
1890,253,2024-06-21,Completed
1891,238,2025-05-06,Completed
1892,387,2023-05-28,Pending
1893,289,2024-03-30,Cancelled
1894,390,2023-08-31,Completed
1895,297,2024-04-20,Completed
1896,230,2024-11-24,Completed
1897,349,2023-08-19,Cancelled
1898,474,2024-09-18,Cancelled
1899,452,2023-09-05,Completed
1900,290,2024-01-28,Cancelled
1901,330,2024-06-01,Completed
1902,326,2024-03-11,Pending
1903,320,2023-11-03,Completed
1904,166,2023-08-16,Pending
1905,443,2024-04-20,Cancelled
1906,498,2024-10-21,Completed
1907,322,2023-12-07,Cancelled
1908,162,2024-06-06,Completed
1909,78,2025-01-17,Pending
1910,226,2025-05-13,Cancelled
1911,35,2024-05-04,Cancelled
1912,241,2024-11-29,Completed
1913,227,2024-03-02,Cancelled
1914,324,2023-12-22,Pending
1915,156,2025-02-28,Pending
1916,408,2023-10-24,Completed
1917,141,2024-11-12,Completed
1918,303,2024-07-03,Cancelled
1919,29,2025-02-04,Pending
1920,181,2024-03-11,Cancelled
1921,260,2023-12-28,Pending
1922,38,2024-01-24,Pending
1923,159,2023-06-16,Completed
1924,237,2023-08-02,Cancelled
1925,232,2024-09-23,Pending
1926,20,2024-10-17,Completed
1927,30,2024-08-04,Pending
1928,189,2024-06-01,Completed
1929,426,2024-05-16,Completed
1930,147,2023-09-25,Completed
1931,40,2024-09-16,Cancelled
1932,331,2024-01-14,Completed
1933,443,2023-10-11,Completed
1934,438,2023-10-13,Pending
1935,47,2024-07-26,Completed
1936,315,2024-11-15,Pending
1937,305,2023-09-02,Pending
1938,260,2024-09-03,Cancelled
1939,197,2023-09-09,Completed
1940,237,2024-04-11,Completed
1941,298,2024-01-13,Pending
1942,284,2024-09-15,Cancelled
1943,489,2024-04-17,Completed
1944,406,2024-05-13,Cancelled
1945,379,2025-03-10,Pending
1946,459,2024-09-11,Completed
1947,22,2024-02-13,Cancelled
1948,231,2024-06-10,Completed
1949,466,2025-03-22,Completed
1950,415,2023-10-15,Cancelled
1951,293,2025-01-18,Completed
1952,334,2023-08-26,Pending
1953,97,2025-05-10,Completed
1954,165,2024-09-07,Completed
1955,310,2024-03-07,Cancelled
1956,244,2023-08-25,Cancelled
1957,257,2024-06-12,Cancelled
1958,78,2025-04-17,Completed
1959,491,2025-04-29,Cancelled
1960,32,2023-10-13,Completed
1961,231,2023-10-14,Pending
1962,53,2025-04-12,Pending
1963,416,2025-01-27,Completed
1964,461,2023-08-31,Completed
1965,429,2023-08-28,Pending
1966,176,2023-05-30,Pending
1967,366,2023-08-04,Completed
1968,44,2023-08-19,Pending
1969,259,2023-10-27,Pending
1970,331,2023-11-23,Completed
1971,89,2024-11-14,Cancelled
1972,21,2024-01-16,Cancelled
1973,127,2024-05-30,Pending
1974,363,2023-07-06,Completed
1975,225,2023-10-13,Pending
1976,225,2025-05-21,Pending
1977,269,2024-09-18,Completed
1978,268,2025-01-12,Cancelled
1979,313,2024-07-06,Pending
1980,82,2024-06-04,Pending
1981,187,2024-05-11,Cancelled
1982,191,2024-09-28,Completed
1983,470,2025-02-01,Completed
1984,145,2024-06-04,Completed
1985,199,2025-04-23,Completed
1986,210,2023-12-27,Completed
1987,397,2023-10-17,Pending
1988,174,2024-10-19,Pending
1989,348,2025-03-13,Cancelled
1990,307,2024-02-08,Cancelled
1991,27,2023-11-08,Cancelled
1992,405,2024-11-25,Cancelled
1993,324,2024-07-18,Completed
1994,332,2023-06-04,Completed
1995,172,2025-04-11,Cancelled
1996,34,2024-01-04,Pending
1997,169,2025-04-11,Completed
1998,49,2024-04-29,Completed
1999,286,2025-04-04,Pending
2000,348,2024-07-12,Pending
