payment_id,order_id,payment_method,amount,payment_date
1,1,Bank Transfer,268.8,2024-12-30
2,2,Gift Card,1076.85,2023-11-12
3,3,Bank Transfer,1881.93,2025-05-13
4,4,PayPal,95.28,2023-06-04
5,5,PayPal,740.0,2024-03-09
6,6,Credit Card,52.3,2025-03-15
7,7,Bank Transfer,1586.14,2023-09-03
8,8,Credit Card,482.92,2024-07-31
9,9,PayPal,1871.83,2024-11-03
10,10,Bank Transfer,863.05,2024-09-18
11,11,PayPal,1932.91,2024-08-17
12,12,Gift Card,1490.08,2023-07-06
13,13,Gift Card,1043.49,2023-11-01
14,14,Credit Card,201.01,2023-06-26
15,15,Bank Transfer,1495.22,2024-09-20
16,16,Bank Transfer,858.77,2024-08-12
17,17,PayPal,1694.61,2023-10-17
18,18,PayPal,1878.3,2023-12-06
19,19,Bank Transfer,1888.26,2023-06-12
20,20,Credit Card,1750.91,2023-09-29
21,21,Credit Card,120.22,2024-07-02
22,22,Gift Card,1771.03,2023-07-22
23,23,Credit Card,729.03,2024-06-20
24,24,Bank Transfer,801.68,2023-11-17
25,25,Gift Card,1218.78,2024-07-03
26,26,PayPal,1638.16,2023-07-14
27,27,Gift Card,1527.85,2023-08-26
28,28,Gift Card,778.71,2025-02-21
29,29,PayPal,1372.97,2023-12-26
30,30,Gift Card,154.63,2024-11-19
31,31,Bank Transfer,1881.22,2024-09-27
32,32,Credit Card,433.58,2024-12-09
33,33,Bank Transfer,1906.05,2023-11-24
34,34,Gift Card,1537.51,2025-04-17
35,35,Bank Transfer,515.51,2024-11-21
36,36,PayPal,687.66,2025-04-05
37,37,Gift Card,113.58,2024-09-08
38,38,Bank Transfer,865.29,2024-11-09
39,39,PayPal,1105.08,2024-05-04
40,40,PayPal,878.12,2024-03-28
41,41,Bank Transfer,226.46,2024-05-30
42,42,Credit Card,1256.49,2023-10-14
43,43,Credit Card,975.69,2024-09-06
44,44,Credit Card,1528.47,2024-07-28
45,45,Bank Transfer,1291.86,2024-10-07
46,46,Gift Card,293.77,2023-10-15
47,47,Bank Transfer,429.61,2023-07-06
48,48,PayPal,1053.74,2023-08-16
49,49,Bank Transfer,534.93,2024-07-20
50,50,Gift Card,1501.83,2023-12-06
51,51,Credit Card,90.28,2025-01-21
52,52,Gift Card,491.78,2025-05-04
53,53,Bank Transfer,1793.76,2024-03-11
54,54,Gift Card,19.87,2024-03-04
55,55,PayPal,1060.34,2024-09-08
56,56,Bank Transfer,900.39,2024-03-26
57,57,Credit Card,396.2,2024-06-06
58,58,Bank Transfer,603.9,2024-12-21
59,59,Bank Transfer,959.0,2025-03-09
60,60,Credit Card,1337.54,2023-07-30
61,61,Credit Card,1105.07,2023-06-04
62,62,PayPal,1788.51,2024-02-09
63,63,Gift Card,281.63,2024-11-01
64,64,Credit Card,101.78,2023-07-10
65,65,Credit Card,475.16,2024-03-10
66,66,PayPal,754.86,2024-08-30
67,67,PayPal,1450.48,2024-09-06
68,68,Credit Card,116.27,2024-11-15
69,69,PayPal,1337.38,2024-06-24
70,70,PayPal,908.55,2024-05-23
71,71,Credit Card,1390.99,2024-11-16
72,72,Bank Transfer,1215.31,2024-08-28
73,73,Bank Transfer,104.51,2024-12-24
74,74,Bank Transfer,742.8,2024-10-18
75,75,Credit Card,1133.28,2025-01-24
76,76,Gift Card,1418.02,2023-09-27
77,77,Bank Transfer,1608.54,2023-06-04
78,78,Credit Card,578.67,2025-04-11
79,79,Gift Card,371.74,2023-10-10
80,80,Gift Card,41.39,2023-07-13
81,81,Credit Card,1990.77,2023-07-03
82,82,Gift Card,1983.87,2024-04-28
83,83,Gift Card,1169.97,2023-11-09
84,84,PayPal,339.55,2023-07-23
85,85,Credit Card,1514.88,2024-11-02
86,86,PayPal,1415.26,2024-06-07
87,87,Gift Card,1251.31,2024-07-19
88,88,PayPal,1255.67,2024-09-26
89,89,Credit Card,1535.59,2024-01-18
90,90,Bank Transfer,1149.7,2024-02-16
91,91,PayPal,757.98,2023-12-15
92,92,PayPal,1563.23,2024-12-31
93,93,Credit Card,599.86,2025-04-22
94,94,Credit Card,1109.87,2024-10-11
95,95,Credit Card,1213.27,2023-11-30
96,96,PayPal,1204.62,2024-06-17
97,97,Gift Card,1462.22,2025-01-06
98,98,Credit Card,1359.78,2024-04-03
99,99,Credit Card,1962.66,2024-08-29
100,100,PayPal,917.84,2023-08-24
101,101,PayPal,1779.41,2023-12-05
102,102,PayPal,598.14,2025-03-28
103,103,PayPal,1075.18,2024-11-30
104,104,Bank Transfer,738.7,2024-12-02
105,105,Bank Transfer,774.36,2024-08-18
106,106,Gift Card,1904.35,2024-10-26
107,107,Gift Card,503.92,2023-08-12
108,108,Credit Card,667.4,2023-07-16
109,109,Bank Transfer,214.86,2024-07-30
110,110,Gift Card,52.33,2024-10-16
111,111,Credit Card,1005.87,2023-07-27
112,112,Gift Card,626.09,2024-05-16
113,113,Credit Card,1241.38,2024-11-13
114,114,Credit Card,1949.96,2025-02-10
115,115,PayPal,396.96,2023-11-15
116,116,Credit Card,358.5,2023-10-08
117,117,PayPal,388.85,2025-05-17
118,118,PayPal,378.06,2025-02-17
119,119,Gift Card,1562.87,2023-10-29
120,120,Credit Card,1640.54,2024-05-18
121,121,Bank Transfer,595.92,2023-11-27
122,122,Credit Card,291.17,2025-01-03
123,123,Bank Transfer,1938.53,2023-06-21
124,124,PayPal,814.38,2024-02-08
125,125,Gift Card,1124.1,2024-02-11
126,126,PayPal,1875.68,2024-12-13
127,127,PayPal,821.56,2023-08-04
128,128,Credit Card,1402.36,2023-08-09
129,129,Bank Transfer,1980.15,2023-06-19
130,130,Bank Transfer,951.23,2024-07-09
131,131,Bank Transfer,802.01,2025-05-04
132,132,Gift Card,244.26,2023-08-29
133,133,PayPal,1529.95,2024-11-27
134,134,PayPal,1944.96,2023-06-30
135,135,Bank Transfer,70.74,2024-12-14
136,136,Bank Transfer,889.56,2025-01-05
137,137,PayPal,1501.06,2023-11-02
138,138,Bank Transfer,625.91,2024-06-05
139,139,Bank Transfer,1886.63,2024-11-15
140,140,Gift Card,1451.56,2024-05-20
141,141,Credit Card,1044.79,2025-04-11
142,142,Bank Transfer,448.59,2025-03-21
143,143,Gift Card,1343.59,2023-07-14
144,144,Credit Card,1208.78,2024-03-26
145,145,Gift Card,729.99,2024-06-06
146,146,Gift Card,495.48,2025-01-26
147,147,PayPal,1900.63,2025-02-11
148,148,PayPal,285.66,2024-05-18
149,149,Credit Card,1795.16,2023-09-05
150,150,Credit Card,1516.45,2023-06-03
151,151,Gift Card,1673.58,2024-12-29
152,152,Credit Card,1962.06,2023-09-05
153,153,PayPal,1657.75,2024-03-16
154,154,PayPal,1795.53,2025-04-13
155,155,Bank Transfer,1920.44,2025-02-03
156,156,PayPal,1775.69,2023-12-06
157,157,Bank Transfer,244.43,2024-08-06
158,158,Bank Transfer,293.49,2023-11-02
159,159,Gift Card,1393.33,2025-03-18
160,160,Credit Card,1223.91,2024-06-21
161,161,PayPal,689.27,2024-07-17
162,162,Bank Transfer,1103.01,2024-10-31
163,163,PayPal,1699.45,2025-02-27
164,164,Credit Card,303.01,2024-07-13
165,165,Bank Transfer,1185.12,2025-04-30
166,166,Credit Card,723.86,2023-12-03
167,167,PayPal,1356.34,2024-04-16
168,168,PayPal,873.95,2024-01-06
169,169,Bank Transfer,539.42,2023-07-19
170,170,PayPal,1569.37,2023-09-10
171,171,Gift Card,771.04,2025-02-09
172,172,Gift Card,762.81,2025-01-21
173,173,Bank Transfer,819.78,2023-06-22
174,174,Gift Card,154.88,2024-02-13
175,175,Gift Card,1660.14,2023-11-27
176,176,PayPal,39.72,2024-10-15
177,177,Gift Card,969.04,2025-03-05
178,178,Gift Card,857.65,2024-10-14
179,179,Bank Transfer,1347.3,2024-03-15
180,180,PayPal,1374.49,2024-06-19
181,181,Credit Card,299.98,2023-06-23
182,182,Credit Card,388.67,2025-05-18
183,183,Credit Card,1061.72,2024-06-13
184,184,Credit Card,1147.3,2024-02-18
185,185,Credit Card,1961.14,2023-06-10
186,186,Credit Card,1503.34,2024-12-18
187,187,Bank Transfer,511.34,2023-07-02
188,188,Credit Card,392.16,2023-08-19
189,189,Bank Transfer,541.42,2023-10-11
190,190,Gift Card,1087.52,2025-04-15
191,191,Gift Card,488.8,2023-10-27
192,192,PayPal,1594.6,2024-05-02
193,193,Credit Card,628.38,2024-09-05
194,194,Credit Card,1022.97,2023-10-19
195,195,Bank Transfer,1255.82,2024-08-20
196,196,PayPal,90.72,2024-01-26
197,197,PayPal,68.61,2024-07-15
198,198,Gift Card,1918.85,2023-09-10
199,199,Bank Transfer,962.05,2025-04-08
200,200,Credit Card,455.23,2024-07-17
201,201,Bank Transfer,22.96,2024-01-26
202,202,Gift Card,1705.89,2024-06-09
203,203,Credit Card,874.15,2024-01-11
204,204,Bank Transfer,787.44,2024-06-01
205,205,Credit Card,1771.62,2024-03-07
206,206,Credit Card,134.58,2024-09-10
207,207,Bank Transfer,119.75,2025-02-24
208,208,PayPal,1669.08,2025-02-16
209,209,Bank Transfer,1528.88,2024-06-03
210,210,Gift Card,1012.76,2025-05-14
211,211,PayPal,159.36,2024-11-17
212,212,Credit Card,1339.95,2023-09-03
213,213,Credit Card,1630.48,2025-01-16
214,214,Gift Card,676.33,2025-05-21
215,215,PayPal,1939.29,2025-03-03
216,216,Credit Card,1710.36,2025-05-12
217,217,Credit Card,105.35,2025-01-27
218,218,Credit Card,141.78,2024-01-06
219,219,PayPal,1060.35,2024-03-04
220,220,Gift Card,1228.01,2024-10-25
221,221,Bank Transfer,565.7,2024-12-22
222,222,Bank Transfer,593.14,2023-11-05
223,223,Credit Card,1217.0,2023-07-13
224,224,Gift Card,1717.1,2024-06-09
225,225,Credit Card,649.57,2024-12-11
226,226,PayPal,911.74,2024-02-03
227,227,PayPal,1549.57,2024-03-14
228,228,Credit Card,1727.17,2023-12-24
229,229,Gift Card,1048.4,2024-02-28
230,230,Gift Card,1744.96,2024-12-18
231,231,Credit Card,1899.35,2024-05-06
232,232,Credit Card,1287.73,2024-02-10
233,233,Gift Card,1257.69,2024-04-12
234,234,Gift Card,110.1,2024-04-20
235,235,Gift Card,743.04,2023-10-11
236,236,Gift Card,1278.63,2023-11-22
237,237,PayPal,547.54,2024-11-16
238,238,Credit Card,1792.48,2024-02-16
239,239,Credit Card,886.89,2023-10-03
240,240,Credit Card,1201.68,2024-06-07
241,241,Bank Transfer,787.57,2023-11-08
242,242,Bank Transfer,125.78,2024-07-04
243,243,Gift Card,1886.43,2024-05-15
244,244,PayPal,1772.02,2025-02-07
245,245,Bank Transfer,1454.78,2023-12-16
246,246,Credit Card,1528.3,2024-12-05
247,247,Bank Transfer,829.18,2024-07-09
248,248,PayPal,268.76,2024-01-25
249,249,PayPal,283.01,2025-03-25
250,250,Gift Card,48.73,2023-08-15
251,251,Credit Card,1599.35,2023-12-19
252,252,Credit Card,1494.27,2024-10-26
253,253,Gift Card,989.27,2024-08-10
254,254,Gift Card,1254.53,2024-12-01
255,255,PayPal,953.54,2025-03-11
256,256,Credit Card,775.1,2023-12-08
257,257,Bank Transfer,104.91,2024-03-04
258,258,Bank Transfer,330.33,2025-04-04
259,259,Credit Card,1401.57,2024-02-07
260,260,Bank Transfer,1207.58,2023-11-06
261,261,Gift Card,1540.54,2023-11-11
262,262,Gift Card,534.46,2024-05-12
263,263,PayPal,800.59,2024-07-01
264,264,Bank Transfer,1052.72,2024-08-19
265,265,Bank Transfer,1071.74,2024-11-12
266,266,PayPal,143.64,2024-02-04
267,267,Bank Transfer,398.58,2025-04-14
268,268,Bank Transfer,413.31,2023-11-25
269,269,Gift Card,471.91,2024-01-06
270,270,PayPal,1875.11,2025-03-24
271,271,Gift Card,1908.84,2024-03-09
272,272,Bank Transfer,635.26,2024-12-27
273,273,Gift Card,1432.69,2023-06-27
274,274,Bank Transfer,350.78,2025-02-13
275,275,Bank Transfer,696.03,2025-03-15
276,276,PayPal,1922.42,2023-07-20
277,277,Gift Card,226.34,2025-01-27
278,278,Gift Card,1093.92,2024-02-29
279,279,Bank Transfer,167.51,2024-02-23
280,280,Gift Card,31.18,2025-01-10
281,281,Credit Card,1700.6,2024-02-21
282,282,Bank Transfer,1799.24,2023-11-03
283,283,PayPal,336.9,2025-01-19
284,284,Bank Transfer,212.3,2023-10-17
285,285,Bank Transfer,1209.83,2025-04-23
286,286,Gift Card,10.92,2024-06-12
287,287,Gift Card,234.11,2023-06-10
288,288,PayPal,1503.17,2023-09-11
289,289,Credit Card,483.57,2024-03-20
290,290,Bank Transfer,1031.46,2025-05-01
291,291,PayPal,1342.57,2023-06-27
292,292,Bank Transfer,273.39,2024-10-22
293,293,PayPal,996.54,2024-01-03
294,294,PayPal,1151.14,2023-08-10
295,295,PayPal,696.48,2024-07-19
296,296,Gift Card,251.32,2023-06-12
297,297,Credit Card,444.32,2024-09-15
298,298,Gift Card,157.93,2023-06-05
299,299,Credit Card,1339.07,2024-06-20
300,300,Credit Card,600.49,2023-10-30
301,301,Credit Card,536.55,2023-08-01
302,302,Credit Card,107.88,2023-08-09
303,303,Bank Transfer,1922.86,2023-09-25
304,304,PayPal,1730.47,2024-01-28
305,305,PayPal,652.82,2023-07-03
306,306,Bank Transfer,290.29,2024-04-29
307,307,Gift Card,797.22,2023-06-14
308,308,Credit Card,1025.43,2023-09-21
309,309,Bank Transfer,1946.43,2025-04-02
310,310,Bank Transfer,198.09,2023-07-24
311,311,Gift Card,558.03,2024-10-11
312,312,Gift Card,1989.91,2023-09-25
313,313,PayPal,480.65,2024-08-21
314,314,Bank Transfer,417.73,2023-12-15
315,315,Gift Card,507.75,2025-01-08
316,316,Credit Card,212.21,2023-08-09
317,317,PayPal,946.09,2024-10-28
318,318,Gift Card,225.48,2025-05-15
319,319,PayPal,292.13,2023-07-31
320,320,PayPal,931.78,2024-06-19
321,321,Credit Card,1583.96,2025-03-04
322,322,Credit Card,1337.88,2023-07-28
323,323,Gift Card,348.93,2024-10-10
324,324,PayPal,381.43,2025-03-13
325,325,Credit Card,37.89,2024-08-21
326,326,Bank Transfer,331.34,2025-01-05
327,327,PayPal,193.61,2024-08-16
328,328,Gift Card,988.23,2024-03-05
329,329,Bank Transfer,1643.06,2024-05-19
330,330,PayPal,1077.13,2023-07-04
331,331,Credit Card,372.96,2023-12-25
332,332,PayPal,1260.25,2023-06-28
333,333,Credit Card,529.59,2024-09-08
334,334,Credit Card,1861.87,2024-08-01
335,335,Credit Card,845.54,2023-10-25
336,336,Bank Transfer,1149.31,2023-12-30
337,337,Credit Card,686.87,2023-12-16
338,338,PayPal,1661.2,2024-02-10
339,339,PayPal,1570.95,2023-09-03
340,340,Credit Card,1376.69,2023-08-14
341,341,Credit Card,881.48,2024-11-06
342,342,Bank Transfer,1518.18,2024-11-20
343,343,Gift Card,1734.5,2025-04-03
344,344,Credit Card,470.94,2023-07-27
345,345,Gift Card,1646.86,2025-03-29
346,346,Bank Transfer,493.63,2024-06-18
347,347,Gift Card,238.82,2025-01-25
348,348,Credit Card,1035.45,2024-10-16
349,349,Bank Transfer,1091.59,2024-08-24
350,350,Bank Transfer,1991.87,2023-06-09
351,351,Gift Card,822.77,2023-12-05
352,352,Bank Transfer,683.56,2024-06-12
353,353,PayPal,1149.13,2023-07-19
354,354,Bank Transfer,904.79,2024-01-18
355,355,Gift Card,1480.18,2024-11-25
356,356,Gift Card,990.72,2025-02-03
357,357,Credit Card,1408.61,2024-11-02
358,358,Gift Card,1093.75,2023-08-28
359,359,Credit Card,1276.93,2025-03-22
360,360,Gift Card,811.53,2025-05-23
361,361,Bank Transfer,1854.94,2023-11-20
362,362,Bank Transfer,246.8,2024-11-21
363,363,Credit Card,961.86,2023-06-26
364,364,Bank Transfer,131.57,2023-07-04
365,365,Gift Card,1723.2,2024-06-11
366,366,Gift Card,997.96,2024-04-15
367,367,Credit Card,1801.62,2024-02-27
368,368,Gift Card,1041.37,2024-07-17
369,369,Bank Transfer,1617.14,2024-03-07
370,370,Gift Card,1721.6,2024-08-17
371,371,Credit Card,40.77,2024-11-02
372,372,Gift Card,1531.43,2023-08-09
373,373,Credit Card,758.47,2023-12-09
374,374,Gift Card,295.82,2025-02-08
375,375,Credit Card,1321.23,2024-03-13
376,376,Gift Card,350.17,2024-12-04
377,377,Bank Transfer,455.58,2024-04-24
378,378,Credit Card,705.11,2024-05-01
379,379,Credit Card,1351.03,2023-08-28
380,380,PayPal,181.52,2024-07-14
381,381,Credit Card,792.78,2024-12-31
382,382,Gift Card,1748.17,2023-09-01
383,383,Gift Card,738.42,2024-12-25
384,384,Bank Transfer,1556.8,2023-08-28
385,385,PayPal,1082.76,2024-07-04
386,386,Gift Card,900.09,2025-03-14
387,387,Credit Card,218.75,2024-02-01
388,388,Bank Transfer,537.17,2023-06-30
389,389,Bank Transfer,1143.17,2023-10-23
390,390,Gift Card,1467.65,2023-11-12
391,391,PayPal,1050.45,2023-07-15
392,392,Gift Card,1542.48,2023-12-15
393,393,Credit Card,356.69,2023-07-26
394,394,Credit Card,1963.59,2023-08-28
395,395,PayPal,286.1,2023-11-28
396,396,Credit Card,1140.06,2023-12-19
397,397,Gift Card,1938.14,2024-07-08
398,398,Credit Card,1512.38,2023-09-03
399,399,PayPal,1910.23,2023-06-27
400,400,Gift Card,1119.48,2024-02-15
401,401,Bank Transfer,1073.18,2024-11-17
402,402,Gift Card,1366.91,2024-04-06
403,403,Credit Card,478.09,2024-11-21
404,404,Bank Transfer,1250.64,2024-10-18
405,405,Credit Card,1088.3,2025-04-20
406,406,Gift Card,1568.87,2025-05-02
407,407,PayPal,1737.47,2024-10-15
408,408,Gift Card,1906.64,2023-12-28
409,409,Bank Transfer,262.48,2023-09-30
410,410,PayPal,1837.99,2023-08-30
411,411,Credit Card,1703.24,2025-04-13
412,412,Bank Transfer,1598.79,2024-10-09
413,413,Bank Transfer,1903.29,2023-12-10
414,414,Gift Card,1386.67,2025-04-16
415,415,Credit Card,467.3,2025-02-10
416,416,PayPal,1685.11,2025-02-24
417,417,Credit Card,871.97,2023-09-30
418,418,PayPal,1441.19,2023-10-28
419,419,Gift Card,1436.33,2025-04-23
420,420,Gift Card,509.03,2024-07-25
421,421,PayPal,1938.44,2024-02-17
422,422,Credit Card,1300.26,2024-01-23
423,423,Gift Card,603.29,2023-11-03
424,424,PayPal,1215.14,2024-07-18
425,425,Gift Card,1693.81,2025-03-21
426,426,Credit Card,1223.36,2024-10-17
427,427,Bank Transfer,1111.55,2023-11-26
428,428,PayPal,141.37,2024-08-07
429,429,PayPal,177.19,2024-12-22
430,430,Bank Transfer,700.09,2024-03-28
431,431,Gift Card,1255.87,2024-07-02
432,432,PayPal,1019.99,2024-03-04
433,433,Gift Card,1925.24,2024-12-22
434,434,Credit Card,1504.84,2023-06-09
435,435,Credit Card,81.24,2023-11-26
436,436,PayPal,1313.12,2025-05-21
437,437,PayPal,192.41,2025-04-24
438,438,PayPal,1848.06,2024-12-17
439,439,Credit Card,478.21,2024-12-28
440,440,Gift Card,1092.5,2024-09-25
441,441,Gift Card,900.68,2025-05-14
442,442,Bank Transfer,960.43,2025-03-11
443,443,Gift Card,1083.15,2023-06-27
444,444,Credit Card,1944.5,2024-03-23
445,445,Bank Transfer,381.65,2024-02-23
446,446,Credit Card,1868.47,2025-03-08
447,447,Gift Card,909.49,2023-06-19
448,448,Gift Card,767.09,2023-11-20
449,449,Credit Card,165.2,2024-11-09
450,450,Bank Transfer,1231.91,2023-08-05
451,451,Gift Card,1441.62,2024-05-28
452,452,Gift Card,1330.75,2024-01-11
453,453,Credit Card,928.2,2023-11-20
454,454,Credit Card,1224.76,2024-02-24
455,455,Credit Card,990.02,2023-08-02
456,456,Bank Transfer,1088.53,2023-06-10
457,457,Bank Transfer,1715.48,2024-01-26
458,458,Gift Card,1153.44,2024-09-01
459,459,Gift Card,878.56,2024-01-30
460,460,PayPal,999.48,2024-07-16
461,461,PayPal,1692.57,2024-10-13
462,462,Credit Card,1675.72,2023-10-26
463,463,Credit Card,267.68,2023-08-23
464,464,PayPal,1037.07,2025-04-14
465,465,Credit Card,400.35,2024-06-08
466,466,PayPal,1988.44,2023-07-29
467,467,PayPal,85.98,2024-03-13
468,468,Gift Card,1290.18,2024-07-12
469,469,Bank Transfer,643.33,2024-07-10
470,470,Bank Transfer,1053.53,2023-08-13
471,471,Gift Card,803.2,2024-04-19
472,472,Credit Card,380.61,2024-03-25
473,473,PayPal,1254.15,2024-06-01
474,474,Gift Card,482.59,2025-02-19
475,475,Credit Card,113.23,2023-06-21
476,476,Credit Card,545.96,2024-09-27
477,477,PayPal,69.5,2023-12-25
478,478,PayPal,1790.49,2023-09-24
479,479,PayPal,727.11,2024-02-23
480,480,Bank Transfer,1989.0,2025-03-07
481,481,PayPal,768.07,2024-12-12
482,482,Gift Card,1242.88,2024-04-04
483,483,Credit Card,1374.37,2023-09-03
484,484,Bank Transfer,1142.7,2024-07-24
485,485,Credit Card,70.96,2024-08-14
486,486,Credit Card,258.4,2023-12-14
487,487,Credit Card,566.4,2023-08-12
488,488,Bank Transfer,1088.12,2024-12-09
489,489,Credit Card,1558.97,2025-03-09
490,490,Bank Transfer,691.84,2024-06-22
491,491,PayPal,755.31,2024-03-13
492,492,Bank Transfer,509.9,2024-04-15
493,493,PayPal,1869.12,2023-11-28
494,494,Gift Card,792.41,2023-07-24
495,495,PayPal,1191.25,2024-03-04
496,496,PayPal,400.25,2024-04-17
497,497,Gift Card,712.51,2023-12-03
498,498,Gift Card,1632.3,2024-11-06
499,499,Gift Card,595.39,2024-12-26
500,500,PayPal,1280.22,2025-01-13
501,501,Credit Card,1271.56,2025-01-05
502,502,PayPal,274.86,2024-03-15
503,503,Gift Card,1070.08,2024-02-09
504,504,Credit Card,1156.35,2025-04-18
505,505,PayPal,545.81,2024-04-30
506,506,PayPal,788.86,2024-06-06
507,507,PayPal,1734.08,2023-08-26
508,508,Credit Card,1733.92,2023-10-01
509,509,Gift Card,397.19,2024-02-26
510,510,Credit Card,1921.34,2025-04-25
511,511,PayPal,1848.3,2024-05-02
512,512,PayPal,1869.73,2025-02-10
513,513,Gift Card,686.97,2023-12-11
514,514,Bank Transfer,337.2,2023-08-20
515,515,PayPal,168.42,2024-03-16
516,516,Bank Transfer,1364.25,2025-05-12
517,517,Gift Card,662.48,2023-06-30
518,518,Credit Card,1070.75,2024-07-03
519,519,Gift Card,682.4,2025-01-14
520,520,Credit Card,1978.87,2025-02-26
521,521,Bank Transfer,971.77,2024-04-17
522,522,Gift Card,1828.77,2025-02-05
523,523,Credit Card,693.27,2024-02-08
524,524,PayPal,343.68,2025-01-01
525,525,Bank Transfer,1155.13,2024-02-27
526,526,Gift Card,813.27,2025-03-21
527,527,Gift Card,1182.36,2024-04-16
528,528,PayPal,1737.99,2025-01-21
529,529,PayPal,452.32,2023-09-22
530,530,Gift Card,1064.18,2024-08-30
531,531,Gift Card,1565.55,2024-06-01
532,532,PayPal,746.4,2025-05-18
533,533,PayPal,454.87,2024-04-27
534,534,Bank Transfer,1982.94,2025-02-21
535,535,Gift Card,1013.92,2023-08-27
536,536,Credit Card,1124.27,2025-01-07
537,537,Gift Card,788.53,2024-10-26
538,538,Credit Card,737.95,2023-09-22
539,539,Gift Card,1903.74,2025-01-09
540,540,Credit Card,984.37,2025-01-29
541,541,Credit Card,533.07,2024-03-01
542,542,PayPal,778.7,2023-07-02
543,543,Credit Card,1701.74,2025-01-05
544,544,Bank Transfer,655.51,2024-05-03
545,545,Bank Transfer,1223.67,2024-05-08
546,546,Gift Card,1514.42,2023-08-02
547,547,Bank Transfer,1548.28,2025-04-09
548,548,Gift Card,581.74,2025-01-12
549,549,Bank Transfer,530.8,2024-03-21
550,550,Bank Transfer,25.13,2023-07-22
551,551,Bank Transfer,620.17,2024-04-11
552,552,Bank Transfer,1250.13,2023-08-01
553,553,Gift Card,1756.72,2025-01-26
554,554,Gift Card,1788.8,2025-02-26
555,555,Gift Card,1650.41,2024-06-11
556,556,PayPal,158.27,2025-01-18
557,557,Gift Card,1666.47,2024-03-14
558,558,Bank Transfer,1828.62,2023-09-09
559,559,Credit Card,1202.01,2024-09-23
560,560,Gift Card,337.98,2024-05-01
561,561,Bank Transfer,406.3,2024-01-08
562,562,Credit Card,1667.72,2024-04-21
563,563,Bank Transfer,673.89,2024-03-17
564,564,Bank Transfer,479.68,2023-10-02
565,565,Bank Transfer,1588.97,2023-11-30
566,566,Bank Transfer,181.16,2024-01-20
567,567,PayPal,734.81,2023-08-21
568,568,Bank Transfer,795.12,2024-10-21
569,569,Bank Transfer,185.53,2024-08-30
570,570,PayPal,594.36,2024-04-12
571,571,PayPal,223.97,2024-11-08
572,572,Bank Transfer,1656.92,2023-10-01
573,573,Bank Transfer,412.57,2024-03-05
574,574,PayPal,441.03,2024-01-15
575,575,Bank Transfer,355.28,2024-06-08
576,576,Gift Card,1242.57,2025-01-30
577,577,Bank Transfer,436.79,2024-04-11
578,578,Bank Transfer,844.77,2023-07-28
579,579,Gift Card,1458.4,2024-11-02
580,580,PayPal,1901.74,2024-12-14
581,581,PayPal,203.78,2025-02-03
582,582,Bank Transfer,1599.62,2025-04-23
583,583,PayPal,900.18,2025-02-24
584,584,Bank Transfer,641.47,2025-01-11
585,585,Bank Transfer,41.95,2024-06-21
586,586,PayPal,1245.33,2023-12-23
587,587,Gift Card,1905.93,2024-09-10
588,588,PayPal,307.88,2024-04-05
589,589,Credit Card,1729.88,2025-04-16
590,590,Bank Transfer,1606.74,2024-04-22
591,591,PayPal,574.12,2024-04-23
592,592,PayPal,1541.82,2023-10-17
593,593,Bank Transfer,183.4,2023-10-28
594,594,PayPal,1554.9,2023-11-25
595,595,Gift Card,362.88,2025-04-05
596,596,Bank Transfer,772.04,2025-04-02
597,597,PayPal,1063.13,2023-06-22
598,598,Gift Card,1995.21,2023-11-23
599,599,Gift Card,1395.2,2024-08-12
600,600,Bank Transfer,1052.2,2023-09-26
601,601,Gift Card,1127.36,2024-05-02
602,602,Bank Transfer,1214.09,2023-10-07
603,603,PayPal,1671.48,2024-12-28
604,604,Bank Transfer,1517.95,2023-06-10
605,605,Credit Card,23.39,2023-11-17
606,606,Bank Transfer,728.36,2023-07-20
607,607,Credit Card,477.67,2025-02-24
608,608,Gift Card,1033.37,2025-01-24
609,609,Gift Card,1120.03,2023-06-12
610,610,Credit Card,1536.3,2023-08-25
611,611,Credit Card,810.37,2023-09-09
612,612,PayPal,1781.47,2024-09-25
613,613,Bank Transfer,1871.0,2024-08-01
614,614,Gift Card,1119.24,2024-01-23
615,615,Gift Card,1826.66,2024-02-21
616,616,Bank Transfer,1553.96,2023-08-14
617,617,Gift Card,838.01,2023-07-22
618,618,PayPal,1911.54,2025-05-09
619,619,Bank Transfer,1729.43,2024-12-08
620,620,Credit Card,1171.3,2023-11-27
621,621,Gift Card,836.87,2023-11-15
622,622,Gift Card,1511.04,2024-06-15
623,623,Credit Card,1082.44,2024-01-10
624,624,Gift Card,566.28,2025-03-19
625,625,Gift Card,1726.56,2024-10-19
626,626,Gift Card,285.06,2025-04-11
627,627,Bank Transfer,1415.14,2023-12-02
628,628,Credit Card,1025.31,2024-01-27
629,629,PayPal,1966.48,2023-06-17
630,630,PayPal,1787.41,2023-07-10
631,631,Credit Card,566.43,2024-08-18
632,632,Bank Transfer,1268.02,2024-02-19
633,633,Credit Card,1468.45,2024-12-30
634,634,Credit Card,849.71,2024-08-24
635,635,Credit Card,733.78,2023-12-02
636,636,Bank Transfer,1734.92,2024-05-04
637,637,Credit Card,1577.34,2024-12-12
638,638,Bank Transfer,1684.74,2023-05-27
639,639,PayPal,583.18,2025-01-11
640,640,Credit Card,1009.04,2023-09-17
641,641,Gift Card,616.04,2024-10-12
642,642,PayPal,1232.62,2024-01-10
643,643,Credit Card,246.13,2024-10-02
644,644,Credit Card,175.13,2025-02-03
645,645,Credit Card,1389.43,2024-01-23
646,646,Credit Card,1970.92,2024-03-04
647,647,Bank Transfer,60.54,2024-08-26
648,648,Bank Transfer,1865.82,2024-07-21
649,649,Bank Transfer,22.45,2025-01-30
650,650,Gift Card,88.41,2025-02-01
651,651,PayPal,320.33,2024-12-19
652,652,PayPal,620.61,2023-06-09
653,653,PayPal,1281.94,2024-02-06
654,654,Bank Transfer,1176.8,2024-02-29
655,655,Bank Transfer,1758.03,2024-01-07
656,656,PayPal,154.77,2024-03-31
657,657,PayPal,480.48,2023-09-14
658,658,Credit Card,1288.87,2024-08-14
659,659,Bank Transfer,1653.38,2023-06-11
660,660,PayPal,1982.49,2025-03-07
661,661,PayPal,240.31,2024-07-06
662,662,Gift Card,658.7,2023-09-02
663,663,PayPal,641.58,2024-01-11
664,664,Credit Card,424.6,2023-09-16
665,665,PayPal,654.71,2024-02-16
666,666,Credit Card,966.25,2024-07-02
667,667,Bank Transfer,1048.36,2024-06-16
668,668,Gift Card,1270.5,2025-02-07
669,669,Credit Card,857.11,2025-03-12
670,670,Credit Card,1478.93,2023-12-07
671,671,PayPal,1367.17,2023-10-11
672,672,Gift Card,574.98,2023-06-08
673,673,PayPal,575.88,2024-07-13
674,674,PayPal,1044.42,2025-03-29
675,675,Gift Card,1237.65,2023-09-18
676,676,PayPal,777.79,2024-03-04
677,677,PayPal,1243.72,2024-07-18
678,678,PayPal,1436.31,2025-01-06
679,679,Bank Transfer,296.7,2024-07-14
680,680,Credit Card,1926.56,2023-07-17
681,681,Credit Card,1383.82,2025-05-19
682,682,PayPal,1873.94,2024-02-29
683,683,Bank Transfer,851.91,2025-05-12
684,684,Gift Card,1798.75,2023-08-31
685,685,Gift Card,1579.77,2024-05-14
686,686,Gift Card,1441.53,2024-05-15
687,687,PayPal,592.41,2025-01-27
688,688,PayPal,832.43,2025-02-09
689,689,Credit Card,1496.33,2024-01-10
690,690,Credit Card,268.18,2023-08-18
691,691,Gift Card,1693.47,2025-05-07
692,692,Gift Card,1969.73,2024-02-20
693,693,Gift Card,1410.33,2024-11-27
694,694,PayPal,1839.29,2024-07-06
695,695,Gift Card,582.95,2024-06-15
696,696,Gift Card,1899.91,2024-08-19
697,697,Credit Card,148.49,2025-01-28
698,698,Bank Transfer,444.69,2025-04-03
699,699,PayPal,1629.0,2024-08-22
700,700,Gift Card,1418.06,2024-02-19
701,701,Gift Card,1617.38,2023-07-29
702,702,Bank Transfer,220.66,2024-12-09
703,703,Bank Transfer,276.11,2025-01-13
704,704,Credit Card,1674.31,2025-05-07
705,705,Gift Card,261.33,2023-10-26
706,706,Gift Card,1217.09,2023-12-02
707,707,Gift Card,1758.54,2023-12-25
708,708,PayPal,1293.84,2023-11-16
709,709,Bank Transfer,1257.55,2025-04-12
710,710,PayPal,1251.9,2024-08-01
711,711,Credit Card,127.38,2023-06-17
712,712,Gift Card,1479.21,2024-10-31
713,713,PayPal,1772.11,2024-02-18
714,714,Gift Card,1043.99,2024-01-04
715,715,PayPal,836.58,2023-07-13
716,716,PayPal,984.18,2024-02-13
717,717,Bank Transfer,415.87,2025-03-19
718,718,Bank Transfer,1109.96,2023-07-09
719,719,Gift Card,696.56,2023-10-24
720,720,Bank Transfer,1069.7,2023-12-27
721,721,PayPal,1536.2,2023-07-29
722,722,Bank Transfer,814.01,2025-03-28
723,723,PayPal,1415.27,2025-04-14
724,724,Gift Card,1333.66,2024-11-30
725,725,Gift Card,362.11,2023-11-02
726,726,Credit Card,369.52,2025-01-24
727,727,PayPal,706.67,2023-09-05
728,728,Credit Card,933.88,2023-07-22
729,729,Gift Card,528.08,2023-11-02
730,730,Credit Card,1946.86,2025-02-12
731,731,Gift Card,1128.46,2024-06-19
732,732,Bank Transfer,538.6,2024-04-16
733,733,Bank Transfer,279.98,2023-09-20
734,734,Gift Card,317.96,2024-05-22
735,735,Credit Card,1146.73,2024-07-08
736,736,Gift Card,75.06,2024-08-16
737,737,Gift Card,293.47,2024-03-20
738,738,Gift Card,189.57,2024-01-12
739,739,Gift Card,1635.17,2024-09-14
740,740,Credit Card,1711.21,2024-05-28
741,741,Gift Card,1486.38,2024-02-27
742,742,Bank Transfer,771.0,2025-02-09
743,743,Bank Transfer,1318.78,2023-10-26
744,744,PayPal,489.77,2024-06-03
745,745,Bank Transfer,213.48,2025-05-11
746,746,Bank Transfer,115.66,2024-12-09
747,747,Bank Transfer,1739.37,2024-07-16
748,748,Gift Card,1439.4,2024-07-07
749,749,PayPal,1921.1,2025-01-23
750,750,PayPal,1294.39,2024-10-30
751,751,PayPal,359.34,2024-01-24
752,752,PayPal,919.76,2025-03-12
753,753,Credit Card,437.99,2024-09-15
754,754,Gift Card,891.37,2025-04-09
755,755,Bank Transfer,1437.22,2024-09-11
756,756,Credit Card,442.37,2024-10-25
757,757,PayPal,1133.32,2024-03-10
758,758,Credit Card,1169.28,2023-12-12
759,759,PayPal,380.44,2025-02-18
760,760,Credit Card,1677.34,2024-04-26
761,761,Credit Card,68.24,2024-12-26
762,762,Bank Transfer,371.76,2024-02-06
763,763,Credit Card,318.83,2024-05-08
764,764,Bank Transfer,1910.83,2024-06-22
765,765,Gift Card,1820.19,2024-03-22
766,766,PayPal,436.06,2023-09-20
767,767,Bank Transfer,829.76,2023-12-09
768,768,PayPal,350.67,2024-06-28
769,769,Gift Card,210.61,2023-12-24
770,770,Bank Transfer,859.93,2023-12-06
771,771,PayPal,660.64,2025-02-17
772,772,PayPal,1709.2,2024-09-19
773,773,Gift Card,159.97,2024-05-04
774,774,Bank Transfer,613.37,2024-02-11
775,775,PayPal,1110.74,2024-01-31
776,776,Credit Card,296.31,2023-09-27
777,777,PayPal,1794.45,2025-04-13
778,778,Credit Card,656.95,2024-06-08
779,779,Credit Card,733.75,2023-07-15
780,780,PayPal,1928.66,2024-08-20
781,781,Bank Transfer,1580.81,2023-09-26
782,782,Gift Card,1712.84,2023-07-26
783,783,Gift Card,1084.93,2025-04-10
784,784,PayPal,647.21,2024-04-08
785,785,PayPal,1880.0,2023-06-29
786,786,Credit Card,540.89,2024-02-17
787,787,PayPal,253.09,2024-10-25
788,788,Credit Card,1452.32,2024-02-16
789,789,Credit Card,931.42,2024-02-15
790,790,Credit Card,1489.88,2024-03-24
791,791,Bank Transfer,991.27,2024-09-16
792,792,PayPal,331.51,2024-09-26
793,793,Credit Card,792.23,2025-01-17
794,794,Gift Card,501.8,2024-12-02
795,795,Bank Transfer,48.93,2024-09-10
796,796,PayPal,671.92,2024-03-27
797,797,PayPal,1732.21,2025-03-26
798,798,PayPal,1159.44,2025-01-12
799,799,PayPal,1906.62,2025-02-19
800,800,Credit Card,1001.25,2025-03-28
801,801,Bank Transfer,1433.83,2024-02-10
802,802,PayPal,241.79,2023-12-10
803,803,Bank Transfer,1787.61,2025-04-08
804,804,Credit Card,1211.18,2025-02-21
805,805,Credit Card,1697.41,2024-05-17
806,806,Gift Card,1168.71,2025-04-03
807,807,PayPal,15.35,2024-04-20
808,808,PayPal,1146.38,2025-04-20
809,809,Credit Card,885.88,2025-02-26
810,810,Gift Card,332.56,2024-04-13
811,811,PayPal,668.91,2024-12-13
812,812,PayPal,1336.77,2024-10-26
813,813,PayPal,1195.83,2025-01-02
814,814,Bank Transfer,1521.89,2024-09-12
815,815,Bank Transfer,1822.22,2024-10-10
816,816,Gift Card,1440.34,2023-07-15
817,817,PayPal,436.33,2024-09-04
818,818,Gift Card,1418.76,2025-01-17
819,819,PayPal,1636.83,2025-02-11
820,820,Credit Card,285.17,2024-03-02
821,821,PayPal,1902.96,2024-12-16
822,822,PayPal,1892.15,2024-10-12
823,823,Credit Card,1042.7,2024-04-19
824,824,Credit Card,270.03,2025-04-19
825,825,Gift Card,65.88,2025-05-19
826,826,PayPal,1353.69,2024-05-04
827,827,Credit Card,1944.45,2025-04-22
828,828,Bank Transfer,278.09,2023-11-28
829,829,Gift Card,734.97,2025-02-16
830,830,Gift Card,1461.11,2023-08-03
831,831,Gift Card,1454.96,2023-08-12
832,832,Gift Card,118.04,2024-06-29
833,833,Gift Card,385.0,2024-03-13
834,834,Bank Transfer,84.94,2024-03-09
835,835,Gift Card,98.49,2024-07-09
836,836,Bank Transfer,1524.38,2023-11-08
837,837,Gift Card,983.0,2023-11-26
838,838,PayPal,1623.56,2023-12-04
839,839,Gift Card,1375.17,2024-05-26
840,840,PayPal,936.55,2024-03-21
841,841,Credit Card,1011.89,2024-12-25
842,842,PayPal,1728.61,2024-06-30
843,843,Credit Card,882.36,2024-12-14
844,844,Bank Transfer,1370.36,2024-06-04
845,845,Bank Transfer,1389.71,2025-01-03
846,846,Credit Card,1446.87,2024-05-15
847,847,Gift Card,1758.25,2025-02-23
848,848,Gift Card,1338.02,2024-09-25
849,849,Gift Card,721.15,2024-12-21
850,850,Bank Transfer,481.22,2023-06-07
851,851,Bank Transfer,1074.63,2023-12-10
852,852,Credit Card,1849.36,2023-08-23
853,853,Bank Transfer,1599.4,2023-12-09
854,854,Gift Card,1845.87,2024-11-04
855,855,PayPal,1582.77,2024-08-15
856,856,Credit Card,1629.09,2024-06-10
857,857,PayPal,90.47,2024-03-15
858,858,Gift Card,44.5,2024-12-07
859,859,PayPal,1956.2,2023-09-05
860,860,Gift Card,480.21,2024-10-07
861,861,PayPal,781.82,2025-05-05
862,862,Bank Transfer,173.2,2023-09-14
863,863,Gift Card,1149.61,2024-02-10
864,864,PayPal,1590.55,2023-10-23
865,865,PayPal,648.26,2024-06-21
866,866,Credit Card,925.83,2025-05-08
867,867,PayPal,700.31,2024-06-22
868,868,Gift Card,1744.93,2024-07-02
869,869,Bank Transfer,1908.65,2024-12-07
870,870,Gift Card,1745.29,2024-09-01
871,871,Gift Card,1145.33,2024-07-06
872,872,Gift Card,1857.79,2024-10-12
873,873,Gift Card,196.2,2024-03-31
874,874,Bank Transfer,1560.1,2023-12-27
875,875,PayPal,1289.39,2024-11-16
876,876,Gift Card,343.29,2024-04-09
877,877,PayPal,1854.45,2024-04-25
878,878,Gift Card,1884.24,2023-07-13
879,879,Credit Card,1501.06,2025-04-02
880,880,PayPal,1331.38,2024-12-21
881,881,PayPal,194.03,2024-11-08
882,882,Credit Card,405.69,2024-03-20
883,883,Bank Transfer,561.6,2024-03-04
884,884,Bank Transfer,1737.04,2023-10-31
885,885,Credit Card,1027.65,2023-09-21
886,886,Bank Transfer,122.81,2025-05-04
887,887,Gift Card,1648.27,2024-02-08
888,888,Gift Card,1824.19,2024-09-25
889,889,Gift Card,1157.33,2023-12-23
890,890,Credit Card,1984.44,2023-08-05
891,891,Bank Transfer,174.47,2023-08-24
892,892,Bank Transfer,1376.68,2023-11-18
893,893,Gift Card,1004.73,2025-03-05
894,894,Credit Card,1221.31,2024-02-10
895,895,Gift Card,239.19,2024-07-22
896,896,Credit Card,801.66,2023-07-23
897,897,Bank Transfer,1270.25,2023-07-25
898,898,Bank Transfer,1466.19,2023-12-25
899,899,PayPal,239.96,2024-01-07
900,900,Bank Transfer,323.24,2025-03-30
901,901,PayPal,1734.79,2023-10-01
902,902,Credit Card,1848.74,2023-08-22
903,903,Credit Card,1920.63,2024-01-12
904,904,PayPal,826.12,2025-03-24
905,905,Bank Transfer,1507.79,2024-11-07
906,906,Credit Card,287.87,2024-06-08
907,907,Credit Card,239.18,2024-01-12
908,908,PayPal,1545.04,2023-06-03
909,909,Bank Transfer,1350.14,2024-07-20
910,910,Credit Card,240.71,2024-11-16
911,911,Gift Card,771.34,2024-01-22
912,912,Gift Card,217.97,2025-04-17
913,913,Bank Transfer,1827.44,2023-12-27
914,914,Gift Card,93.28,2023-07-26
915,915,Bank Transfer,1238.84,2024-01-10
916,916,Bank Transfer,73.52,2024-07-12
917,917,Bank Transfer,280.61,2024-09-17
918,918,Bank Transfer,692.45,2024-06-06
919,919,Credit Card,1487.73,2024-05-11
920,920,Credit Card,1063.02,2024-05-12
921,921,Gift Card,880.9,2024-04-26
922,922,Gift Card,504.86,2024-06-01
923,923,Gift Card,1851.71,2025-02-16
924,924,Credit Card,1496.08,2025-04-25
925,925,Credit Card,436.04,2023-07-17
926,926,PayPal,594.29,2024-04-30
927,927,Gift Card,392.96,2024-06-09
928,928,Bank Transfer,766.76,2024-09-19
929,929,Gift Card,424.72,2023-12-29
930,930,Bank Transfer,36.68,2023-12-30
931,931,PayPal,365.89,2025-01-09
932,932,PayPal,1304.75,2023-09-04
933,933,PayPal,1333.64,2024-11-17
934,934,Credit Card,609.92,2024-05-05
935,935,Gift Card,1046.78,2025-05-22
936,936,Bank Transfer,307.77,2024-05-31
937,937,Gift Card,1572.15,2025-02-05
938,938,PayPal,360.51,2023-07-10
939,939,Credit Card,189.3,2024-08-21
940,940,Credit Card,55.19,2023-11-23
941,941,Bank Transfer,1121.19,2023-08-02
942,942,Credit Card,795.62,2025-04-24
943,943,PayPal,1054.38,2024-02-13
944,944,PayPal,1844.64,2023-07-31
945,945,Gift Card,1721.09,2023-08-30
946,946,PayPal,1157.09,2023-10-29
947,947,Gift Card,660.01,2025-02-12
948,948,PayPal,277.92,2023-07-12
949,949,Gift Card,1196.68,2024-09-20
950,950,Bank Transfer,757.4,2023-07-09
951,951,PayPal,44.06,2023-11-03
952,952,Credit Card,1648.24,2023-07-13
953,953,Credit Card,395.37,2025-03-10
954,954,PayPal,1695.28,2023-11-20
955,955,Credit Card,1989.19,2023-09-20
956,956,Bank Transfer,706.45,2023-09-09
957,957,Gift Card,767.19,2024-03-19
958,958,Credit Card,1584.04,2024-03-17
959,959,PayPal,1622.82,2023-10-31
960,960,Gift Card,1474.61,2023-12-24
961,961,PayPal,12.46,2024-05-06
962,962,Gift Card,1862.09,2025-02-03
963,963,Credit Card,1434.19,2024-10-10
964,964,Credit Card,1142.05,2023-12-29
965,965,Gift Card,697.03,2025-04-27
966,966,Bank Transfer,1560.65,2024-04-02
967,967,Bank Transfer,1171.08,2024-06-12
968,968,Gift Card,1648.75,2024-01-01
969,969,Bank Transfer,1554.96,2024-11-11
970,970,Bank Transfer,465.44,2024-01-10
971,971,Bank Transfer,912.93,2023-12-28
972,972,PayPal,292.34,2024-10-12
973,973,Bank Transfer,389.61,2023-06-26
974,974,PayPal,1870.99,2024-08-06
975,975,PayPal,1103.89,2024-08-23
976,976,Credit Card,1083.88,2024-09-05
977,977,Gift Card,780.86,2023-07-19
978,978,Gift Card,1527.52,2023-08-10
979,979,Bank Transfer,269.36,2024-05-21
980,980,Bank Transfer,1694.22,2023-11-16
981,981,Bank Transfer,526.12,2025-01-10
982,982,Gift Card,159.15,2025-04-28
983,983,Gift Card,1487.86,2024-01-22
984,984,Credit Card,320.78,2024-08-14
985,985,Bank Transfer,290.28,2024-09-01
986,986,Bank Transfer,968.89,2024-10-04
987,987,Credit Card,117.09,2024-11-02
988,988,PayPal,254.99,2024-07-17
989,989,PayPal,1232.36,2024-01-04
990,990,PayPal,963.83,2023-07-05
991,991,PayPal,1119.48,2025-02-09
992,992,Gift Card,563.08,2024-11-08
993,993,PayPal,341.04,2024-11-13
994,994,Credit Card,1242.66,2025-01-31
995,995,Bank Transfer,891.8,2024-05-21
996,996,Gift Card,1445.88,2024-08-01
997,997,Gift Card,179.89,2024-12-21
998,998,Gift Card,858.14,2025-04-20
999,999,Bank Transfer,1185.72,2023-12-29
1000,1000,Bank Transfer,830.56,2024-12-11
1001,1001,Credit Card,268.68,2025-03-18
1002,1002,PayPal,1721.42,2024-07-07
1003,1003,PayPal,1066.78,2024-05-05
1004,1004,Gift Card,1890.85,2024-10-04
1005,1005,Credit Card,223.01,2024-03-20
1006,1006,Bank Transfer,645.68,2024-10-12
1007,1007,Credit Card,1906.3,2025-01-10
1008,1008,Gift Card,325.61,2024-08-07
1009,1009,Gift Card,1758.39,2024-06-01
1010,1010,Gift Card,1267.15,2024-04-05
1011,1011,PayPal,25.08,2025-03-30
1012,1012,Gift Card,1405.39,2025-05-24
1013,1013,Gift Card,1734.24,2025-04-16
1014,1014,Credit Card,74.44,2024-02-24
1015,1015,Bank Transfer,126.71,2023-10-14
1016,1016,Bank Transfer,43.55,2023-07-22
1017,1017,Credit Card,732.74,2024-10-03
1018,1018,Bank Transfer,1811.14,2023-07-23
1019,1019,PayPal,1913.61,2024-05-11
1020,1020,Gift Card,1133.21,2024-05-30
1021,1021,Gift Card,1539.14,2024-02-14
1022,1022,Gift Card,908.43,2023-12-14
1023,1023,PayPal,852.15,2024-08-31
1024,1024,Gift Card,1575.81,2023-07-01
1025,1025,Gift Card,1249.58,2024-03-08
1026,1026,PayPal,748.07,2024-03-13
1027,1027,Bank Transfer,1184.34,2023-12-07
1028,1028,PayPal,1558.98,2024-10-22
1029,1029,PayPal,702.58,2023-08-05
1030,1030,Bank Transfer,577.24,2025-01-17
1031,1031,PayPal,1688.58,2023-12-16
1032,1032,Bank Transfer,1892.08,2025-02-13
1033,1033,Gift Card,510.05,2025-05-15
1034,1034,Credit Card,1684.74,2024-05-11
1035,1035,Credit Card,282.35,2024-02-03
1036,1036,Credit Card,1622.07,2023-07-08
1037,1037,Credit Card,928.87,2024-04-30
1038,1038,Credit Card,15.44,2025-04-25
1039,1039,PayPal,97.81,2024-02-11
1040,1040,Gift Card,128.2,2024-08-21
1041,1041,Gift Card,245.83,2025-05-23
1042,1042,Credit Card,1569.37,2023-11-08
1043,1043,PayPal,254.05,2024-01-02
1044,1044,Credit Card,422.37,2024-11-03
1045,1045,Credit Card,1614.13,2023-11-25
1046,1046,Gift Card,1476.0,2024-03-23
1047,1047,PayPal,831.02,2025-01-21
1048,1048,Credit Card,467.4,2024-02-15
1049,1049,PayPal,904.16,2023-11-24
1050,1050,Bank Transfer,559.58,2024-01-16
1051,1051,Bank Transfer,1886.99,2025-02-17
1052,1052,Bank Transfer,983.08,2023-11-27
1053,1053,Credit Card,853.37,2024-01-24
1054,1054,Credit Card,94.82,2024-05-25
1055,1055,PayPal,36.13,2024-11-14
1056,1056,Bank Transfer,203.88,2023-09-04
1057,1057,Bank Transfer,1456.26,2025-04-25
1058,1058,Credit Card,738.83,2023-10-10
1059,1059,Credit Card,223.73,2024-03-21
1060,1060,Credit Card,1189.57,2024-10-13
1061,1061,Credit Card,1738.18,2024-12-07
1062,1062,Credit Card,225.28,2023-09-28
1063,1063,PayPal,692.01,2024-03-10
1064,1064,PayPal,131.0,2023-10-31
1065,1065,Gift Card,178.03,2024-02-02
1066,1066,Gift Card,1021.64,2025-02-20
1067,1067,Credit Card,823.09,2023-08-05
1068,1068,Bank Transfer,212.32,2024-04-17
1069,1069,Bank Transfer,117.23,2025-03-03
1070,1070,Credit Card,1428.12,2024-10-01
1071,1071,Bank Transfer,670.96,2024-12-02
1072,1072,PayPal,1937.86,2023-06-15
1073,1073,Credit Card,1627.86,2024-10-03
1074,1074,Gift Card,582.57,2023-10-31
1075,1075,Bank Transfer,1940.24,2024-01-31
1076,1076,PayPal,1908.24,2024-07-21
1077,1077,Credit Card,989.15,2023-09-02
1078,1078,Gift Card,406.99,2024-05-29
1079,1079,PayPal,807.23,2023-12-16
1080,1080,Bank Transfer,237.27,2023-09-23
1081,1081,Credit Card,401.14,2024-11-15
1082,1082,Gift Card,44.68,2024-10-09
1083,1083,Bank Transfer,875.84,2024-10-01
1084,1084,PayPal,704.38,2024-02-19
1085,1085,Gift Card,1720.22,2025-03-19
1086,1086,Gift Card,1355.97,2024-11-05
1087,1087,Bank Transfer,899.17,2024-09-18
1088,1088,Bank Transfer,1409.78,2023-12-02
1089,1089,Bank Transfer,1196.36,2024-03-24
1090,1090,Gift Card,997.39,2024-11-20
1091,1091,Gift Card,417.08,2025-03-14
1092,1092,PayPal,1126.9,2025-03-10
1093,1093,Bank Transfer,674.19,2023-11-23
1094,1094,Bank Transfer,1999.52,2023-11-11
1095,1095,PayPal,1609.27,2024-11-04
1096,1096,PayPal,1556.24,2023-10-11
1097,1097,Gift Card,1217.86,2024-11-25
1098,1098,PayPal,321.6,2023-05-29
1099,1099,PayPal,1621.63,2024-03-11
1100,1100,Credit Card,1878.09,2025-04-20
1101,1101,Credit Card,1844.72,2024-07-24
1102,1102,Credit Card,1678.28,2025-03-06
1103,1103,Credit Card,1780.38,2024-08-04
1104,1104,PayPal,879.25,2025-02-17
1105,1105,Credit Card,306.34,2023-10-03
1106,1106,Gift Card,712.94,2025-03-19
1107,1107,PayPal,137.51,2024-03-10
1108,1108,PayPal,488.69,2024-08-11
1109,1109,Credit Card,285.06,2024-12-26
1110,1110,Bank Transfer,1708.96,2024-07-25
1111,1111,Bank Transfer,47.77,2024-02-24
1112,1112,Bank Transfer,124.59,2025-03-29
1113,1113,PayPal,539.35,2025-05-03
1114,1114,Gift Card,835.46,2023-06-26
1115,1115,Gift Card,209.33,2024-08-11
1116,1116,Gift Card,1930.51,2023-06-26
1117,1117,Credit Card,1257.41,2023-10-01
1118,1118,Bank Transfer,59.62,2024-11-13
1119,1119,PayPal,144.94,2024-01-29
1120,1120,Gift Card,241.79,2023-11-11
1121,1121,Credit Card,899.39,2024-12-27
1122,1122,Bank Transfer,976.45,2024-01-21
1123,1123,PayPal,940.04,2024-07-27
1124,1124,Gift Card,1828.72,2025-01-20
1125,1125,PayPal,84.33,2024-12-14
1126,1126,Bank Transfer,1500.56,2024-12-25
1127,1127,Credit Card,532.76,2024-05-27
1128,1128,Credit Card,479.54,2024-06-12
1129,1129,Credit Card,1538.86,2024-07-05
1130,1130,Bank Transfer,1108.55,2024-11-14
1131,1131,Gift Card,1642.89,2024-07-27
1132,1132,PayPal,1130.21,2025-04-14
1133,1133,Gift Card,1402.87,2023-06-25
1134,1134,Gift Card,1417.94,2025-02-05
1135,1135,Gift Card,1395.91,2025-05-19
1136,1136,Bank Transfer,1152.6,2024-10-22
1137,1137,Gift Card,636.94,2024-02-18
1138,1138,PayPal,1338.74,2024-11-20
1139,1139,Bank Transfer,1418.38,2023-10-10
1140,1140,Gift Card,640.17,2023-08-29
1141,1141,Bank Transfer,352.52,2024-05-07
1142,1142,PayPal,518.49,2025-02-02
1143,1143,Credit Card,1221.61,2024-05-23
1144,1144,PayPal,85.42,2024-02-28
1145,1145,Bank Transfer,1183.4,2023-11-14
1146,1146,Gift Card,1296.7,2024-05-26
1147,1147,Credit Card,1199.89,2024-02-05
1148,1148,Gift Card,998.84,2024-05-11
1149,1149,Bank Transfer,1826.03,2023-09-21
1150,1150,PayPal,1568.82,2023-06-29
1151,1151,Credit Card,1063.08,2023-09-22
1152,1152,PayPal,990.72,2023-08-11
1153,1153,PayPal,455.12,2024-09-13
1154,1154,Gift Card,139.59,2025-05-23
1155,1155,Bank Transfer,931.86,2024-08-02
1156,1156,PayPal,883.64,2025-01-27
1157,1157,PayPal,249.35,2024-06-03
1158,1158,Gift Card,835.01,2024-12-03
1159,1159,Credit Card,1209.94,2023-08-06
1160,1160,Credit Card,1502.31,2023-10-18
1161,1161,Bank Transfer,213.09,2023-06-07
1162,1162,Bank Transfer,1817.07,2023-12-20
1163,1163,Bank Transfer,1911.35,2025-01-04
1164,1164,Bank Transfer,305.4,2025-02-03
1165,1165,Credit Card,975.06,2023-06-08
1166,1166,Credit Card,1905.57,2024-12-30
1167,1167,Gift Card,975.19,2024-02-23
1168,1168,PayPal,1146.33,2024-03-18
1169,1169,PayPal,504.0,2023-06-11
1170,1170,PayPal,1663.52,2024-02-07
1171,1171,Bank Transfer,1526.77,2023-08-25
1172,1172,Bank Transfer,879.42,2024-11-08
1173,1173,Gift Card,429.76,2024-07-06
1174,1174,PayPal,1380.88,2025-03-14
1175,1175,Gift Card,1035.62,2025-03-04
1176,1176,Credit Card,1186.04,2023-09-06
1177,1177,Gift Card,585.32,2024-08-06
1178,1178,Bank Transfer,1141.24,2024-03-28
1179,1179,Gift Card,236.74,2025-03-02
1180,1180,Credit Card,1224.99,2024-07-21
1181,1181,Bank Transfer,1615.96,2025-05-22
1182,1182,Bank Transfer,143.32,2024-01-27
1183,1183,Credit Card,1646.87,2024-03-03
1184,1184,Gift Card,535.59,2024-08-27
1185,1185,Credit Card,1768.02,2024-12-07
1186,1186,Gift Card,1697.76,2023-10-05
1187,1187,Gift Card,1911.95,2024-01-05
1188,1188,Gift Card,287.74,2024-11-17
1189,1189,PayPal,436.54,2023-11-27
1190,1190,Bank Transfer,111.45,2024-02-26
1191,1191,PayPal,926.88,2024-05-07
1192,1192,Gift Card,1809.11,2024-05-19
1193,1193,Bank Transfer,1690.06,2023-12-19
1194,1194,Bank Transfer,220.33,2023-11-23
1195,1195,Credit Card,827.38,2024-10-08
1196,1196,PayPal,1683.64,2025-05-04
1197,1197,Bank Transfer,1324.9,2024-11-10
1198,1198,Gift Card,1321.94,2023-12-13
1199,1199,Bank Transfer,1265.34,2025-02-10
1200,1200,Credit Card,1324.28,2024-02-22
1201,1201,PayPal,526.39,2023-07-02
1202,1202,Credit Card,1700.74,2024-01-15
1203,1203,PayPal,1804.85,2024-03-10
1204,1204,Gift Card,1096.04,2024-07-09
1205,1205,PayPal,1946.75,2024-06-18
1206,1206,Gift Card,176.54,2023-06-22
1207,1207,Credit Card,745.06,2023-09-27
1208,1208,Gift Card,1406.62,2025-04-16
1209,1209,Credit Card,1234.27,2023-08-09
1210,1210,Credit Card,1030.78,2023-06-17
1211,1211,Bank Transfer,1013.87,2025-03-21
1212,1212,Gift Card,1986.17,2024-05-01
1213,1213,Credit Card,1173.58,2024-02-19
1214,1214,Bank Transfer,1802.66,2024-10-10
1215,1215,Credit Card,1795.92,2024-05-29
1216,1216,Gift Card,176.17,2024-01-26
1217,1217,PayPal,894.47,2024-12-04
1218,1218,Bank Transfer,54.6,2023-11-02
1219,1219,Credit Card,1674.2,2025-02-05
1220,1220,PayPal,1012.26,2024-01-16
1221,1221,Gift Card,1179.42,2024-03-18
1222,1222,Bank Transfer,586.64,2024-06-10
1223,1223,PayPal,1326.36,2024-04-15
1224,1224,PayPal,70.77,2024-01-09
1225,1225,Credit Card,1642.49,2023-12-26
1226,1226,Gift Card,150.51,2024-04-26
1227,1227,Credit Card,1097.77,2024-06-11
1228,1228,Bank Transfer,804.01,2024-09-28
1229,1229,PayPal,527.47,2023-12-14
1230,1230,Gift Card,1074.86,2023-08-19
1231,1231,Credit Card,329.83,2024-08-24
1232,1232,Credit Card,249.28,2023-10-15
1233,1233,PayPal,1894.14,2024-07-26
1234,1234,Bank Transfer,1768.05,2024-11-22
1235,1235,PayPal,1048.67,2025-01-16
1236,1236,Bank Transfer,1477.52,2023-07-28
1237,1237,Bank Transfer,473.94,2023-08-17
1238,1238,Gift Card,1965.88,2024-10-26
1239,1239,PayPal,1945.31,2025-04-12
1240,1240,Gift Card,753.86,2023-11-03
1241,1241,PayPal,1865.69,2024-05-12
1242,1242,PayPal,1082.81,2024-12-09
1243,1243,Bank Transfer,132.81,2023-08-03
1244,1244,Credit Card,61.13,2024-03-04
1245,1245,Bank Transfer,1084.79,2023-07-19
1246,1246,Bank Transfer,843.39,2023-10-25
1247,1247,Credit Card,647.19,2024-10-10
1248,1248,Credit Card,1336.5,2023-07-15
1249,1249,PayPal,1659.33,2025-01-19
1250,1250,Credit Card,367.86,2024-01-14
1251,1251,Credit Card,385.94,2023-06-30
1252,1252,PayPal,1131.22,2024-02-02
1253,1253,Credit Card,606.12,2023-08-20
1254,1254,Bank Transfer,812.43,2024-06-02
1255,1255,PayPal,1531.57,2023-11-25
1256,1256,Credit Card,1339.29,2024-02-23
1257,1257,Gift Card,1868.96,2024-07-02
1258,1258,Bank Transfer,1026.69,2025-03-16
1259,1259,Credit Card,1004.37,2023-10-09
1260,1260,Gift Card,1636.11,2024-10-07
1261,1261,Credit Card,548.13,2023-06-20
1262,1262,Gift Card,339.05,2025-05-04
1263,1263,Bank Transfer,1344.12,2023-06-15
1264,1264,Credit Card,1123.78,2023-08-30
1265,1265,Bank Transfer,1014.33,2025-01-23
1266,1266,Credit Card,932.08,2023-10-29
1267,1267,Bank Transfer,1506.79,2023-07-31
1268,1268,PayPal,1161.41,2025-01-12
1269,1269,Gift Card,1998.11,2023-12-31
1270,1270,PayPal,1861.13,2024-02-28
1271,1271,Bank Transfer,959.5,2023-09-24
1272,1272,Credit Card,1274.42,2023-11-21
1273,1273,Credit Card,541.6,2025-02-17
1274,1274,Credit Card,1181.79,2023-06-11
1275,1275,PayPal,466.38,2024-11-18
1276,1276,PayPal,244.65,2024-10-04
1277,1277,Bank Transfer,1810.4,2024-05-21
1278,1278,PayPal,185.99,2025-01-07
1279,1279,PayPal,1166.14,2024-09-21
1280,1280,Gift Card,233.86,2025-04-25
1281,1281,Bank Transfer,860.03,2025-05-15
1282,1282,Credit Card,993.77,2024-04-15
1283,1283,Bank Transfer,1108.18,2025-05-23
1284,1284,Gift Card,503.74,2024-11-28
1285,1285,Gift Card,980.14,2023-11-07
1286,1286,Credit Card,1351.64,2025-01-18
1287,1287,Gift Card,1618.88,2024-10-22
1288,1288,PayPal,1110.89,2024-03-10
1289,1289,PayPal,456.02,2023-08-20
1290,1290,PayPal,1448.5,2023-12-10
1291,1291,Gift Card,714.54,2025-04-26
1292,1292,Credit Card,1560.27,2024-12-24
1293,1293,PayPal,925.88,2023-11-29
1294,1294,Gift Card,1597.75,2025-03-22
1295,1295,Gift Card,1611.57,2023-12-11
1296,1296,Gift Card,1343.36,2025-01-22
1297,1297,Bank Transfer,802.33,2023-08-19
1298,1298,Bank Transfer,592.77,2024-01-18
1299,1299,PayPal,99.88,2024-07-08
1300,1300,Credit Card,1213.45,2024-11-26
1301,1301,Credit Card,849.05,2023-09-17
1302,1302,Gift Card,1282.91,2024-03-24
1303,1303,PayPal,1671.82,2024-06-09
1304,1304,Credit Card,758.87,2024-05-20
1305,1305,Bank Transfer,1098.13,2023-08-22
1306,1306,Credit Card,1443.51,2024-07-18
1307,1307,Bank Transfer,1871.76,2024-01-13
1308,1308,Bank Transfer,864.32,2025-03-28
1309,1309,Gift Card,538.63,2025-04-25
1310,1310,Credit Card,1028.28,2024-11-15
1311,1311,Bank Transfer,311.86,2025-04-17
1312,1312,Gift Card,893.45,2024-05-20
1313,1313,Credit Card,314.37,2025-04-13
1314,1314,PayPal,682.66,2023-10-06
1315,1315,Credit Card,778.01,2023-07-20
1316,1316,Credit Card,328.02,2024-10-05
1317,1317,PayPal,1867.5,2024-08-21
1318,1318,Gift Card,1164.19,2024-08-22
1319,1319,Gift Card,493.88,2024-01-15
1320,1320,Bank Transfer,1264.33,2023-06-14
1321,1321,Credit Card,557.68,2023-11-05
1322,1322,Credit Card,1097.96,2023-07-24
1323,1323,Bank Transfer,10.68,2024-01-10
1324,1324,PayPal,1935.65,2023-11-26
1325,1325,Bank Transfer,1920.71,2025-04-09
1326,1326,Gift Card,1559.54,2023-09-11
1327,1327,Bank Transfer,539.18,2023-07-23
1328,1328,Credit Card,806.26,2025-01-21
1329,1329,Credit Card,1396.41,2023-07-03
1330,1330,Credit Card,463.62,2023-12-22
1331,1331,Bank Transfer,91.76,2024-07-16
1332,1332,PayPal,877.46,2024-12-14
1333,1333,Bank Transfer,1970.17,2023-08-25
1334,1334,Gift Card,796.43,2023-12-31
1335,1335,PayPal,311.16,2025-05-23
1336,1336,Bank Transfer,1975.17,2024-10-17
1337,1337,Bank Transfer,1059.15,2024-02-27
1338,1338,Gift Card,1207.87,2024-12-22
1339,1339,Credit Card,145.62,2025-03-05
1340,1340,Bank Transfer,53.89,2025-03-30
1341,1341,Credit Card,1667.71,2024-09-28
1342,1342,Gift Card,187.47,2024-05-06
1343,1343,Bank Transfer,156.97,2023-08-21
1344,1344,Bank Transfer,1997.43,2023-12-28
1345,1345,Gift Card,234.76,2024-11-18
1346,1346,Credit Card,1793.16,2023-09-19
1347,1347,Credit Card,1988.5,2025-04-26
1348,1348,Bank Transfer,504.09,2024-01-30
1349,1349,Bank Transfer,1325.75,2023-08-05
1350,1350,PayPal,1974.4,2025-05-13
1351,1351,Credit Card,1283.79,2024-03-23
1352,1352,PayPal,334.86,2023-06-23
1353,1353,Credit Card,1643.29,2025-03-06
1354,1354,Bank Transfer,417.1,2025-02-09
1355,1355,Credit Card,820.69,2024-02-29
1356,1356,Credit Card,472.97,2024-02-08
1357,1357,Bank Transfer,955.47,2025-03-26
1358,1358,Bank Transfer,821.19,2025-04-23
1359,1359,Bank Transfer,10.84,2023-09-28
1360,1360,Credit Card,381.29,2023-06-21
1361,1361,PayPal,504.76,2023-12-11
1362,1362,PayPal,1837.52,2023-10-26
1363,1363,Credit Card,649.22,2023-10-28
1364,1364,PayPal,1026.98,2023-07-02
1365,1365,Credit Card,807.21,2024-04-19
1366,1366,Bank Transfer,1561.72,2023-09-10
1367,1367,Bank Transfer,1403.66,2023-07-08
1368,1368,Credit Card,1820.92,2024-06-24
1369,1369,Bank Transfer,727.03,2024-05-26
1370,1370,Bank Transfer,1912.74,2025-04-13
1371,1371,Credit Card,1503.45,2024-06-23
1372,1372,Gift Card,996.23,2024-03-23
1373,1373,Credit Card,531.74,2023-08-26
1374,1374,Bank Transfer,1236.4,2025-01-13
1375,1375,Gift Card,863.55,2025-01-04
1376,1376,Credit Card,1304.07,2023-08-25
1377,1377,Bank Transfer,1747.35,2023-10-04
1378,1378,Bank Transfer,1397.06,2023-10-23
1379,1379,Credit Card,554.46,2023-12-14
1380,1380,PayPal,1577.52,2025-02-11
1381,1381,Credit Card,838.62,2025-02-15
1382,1382,Credit Card,1691.8,2024-12-03
1383,1383,Credit Card,945.39,2024-03-12
1384,1384,Credit Card,1483.27,2023-06-26
1385,1385,Gift Card,1794.19,2025-01-06
1386,1386,Credit Card,1863.4,2023-07-02
1387,1387,Gift Card,140.01,2024-07-30
1388,1388,Bank Transfer,1036.42,2023-09-15
1389,1389,Gift Card,1403.39,2024-03-30
1390,1390,Credit Card,1193.15,2024-01-31
1391,1391,Bank Transfer,1150.74,2024-07-01
1392,1392,PayPal,1097.78,2025-01-24
1393,1393,PayPal,93.24,2023-10-24
1394,1394,Credit Card,1086.67,2025-03-27
1395,1395,Bank Transfer,1816.03,2023-09-16
1396,1396,PayPal,15.67,2024-10-08
1397,1397,PayPal,807.4,2023-07-21
1398,1398,Credit Card,1668.32,2025-02-05
1399,1399,Credit Card,299.47,2024-04-24
1400,1400,Gift Card,550.28,2024-09-24
1401,1401,PayPal,891.27,2024-05-10
1402,1402,PayPal,833.26,2023-12-27
1403,1403,PayPal,1697.1,2023-06-15
1404,1404,PayPal,218.13,2024-06-15
1405,1405,Gift Card,460.68,2024-03-19
1406,1406,Credit Card,659.63,2025-04-21
1407,1407,Bank Transfer,377.57,2023-10-10
1408,1408,PayPal,795.09,2024-01-22
1409,1409,Gift Card,759.3,2023-08-26
1410,1410,PayPal,537.4,2024-07-04
1411,1411,Credit Card,850.15,2023-12-25
1412,1412,Gift Card,1329.7,2025-04-13
1413,1413,PayPal,1238.64,2024-11-18
1414,1414,Gift Card,1831.12,2025-01-26
1415,1415,PayPal,1400.77,2023-12-17
1416,1416,Bank Transfer,1167.72,2023-06-22
1417,1417,Bank Transfer,1395.99,2025-05-13
1418,1418,PayPal,1103.61,2025-02-09
1419,1419,Gift Card,630.12,2024-04-10
1420,1420,Gift Card,1018.38,2025-02-17
1421,1421,Bank Transfer,1138.77,2024-01-19
1422,1422,Bank Transfer,1380.49,2024-04-23
1423,1423,PayPal,1734.8,2025-02-01
1424,1424,Credit Card,661.38,2025-01-30
1425,1425,Gift Card,1180.82,2025-01-21
1426,1426,Bank Transfer,1958.0,2023-10-10
1427,1427,Gift Card,1609.12,2024-08-07
1428,1428,Credit Card,108.11,2024-03-20
1429,1429,Credit Card,256.99,2024-06-18
1430,1430,Gift Card,278.19,2024-12-11
1431,1431,PayPal,1202.23,2024-03-26
1432,1432,Bank Transfer,369.36,2023-10-21
1433,1433,PayPal,1691.19,2023-07-29
1434,1434,PayPal,1564.28,2023-06-10
1435,1435,Credit Card,1989.42,2025-01-15
1436,1436,PayPal,500.33,2024-05-15
1437,1437,PayPal,1858.21,2024-07-07
1438,1438,Credit Card,1779.42,2023-11-08
1439,1439,PayPal,98.53,2025-05-23
1440,1440,PayPal,235.64,2024-10-08
1441,1441,Credit Card,954.22,2024-03-27
1442,1442,Credit Card,850.74,2024-07-11
1443,1443,Gift Card,1459.11,2023-07-20
1444,1444,PayPal,461.87,2024-08-02
1445,1445,PayPal,1196.05,2023-06-28
1446,1446,Bank Transfer,1507.89,2024-03-03
1447,1447,Credit Card,1114.93,2024-02-13
1448,1448,Credit Card,795.82,2023-12-04
1449,1449,PayPal,848.29,2023-08-25
1450,1450,Credit Card,504.62,2025-03-07
1451,1451,Credit Card,1951.97,2024-07-31
1452,1452,Gift Card,1298.76,2024-06-23
1453,1453,Credit Card,209.02,2024-11-20
1454,1454,Bank Transfer,1162.75,2023-12-27
1455,1455,PayPal,662.03,2024-10-30
1456,1456,Gift Card,1202.99,2023-10-02
1457,1457,PayPal,764.18,2024-01-06
1458,1458,PayPal,25.28,2024-06-14
1459,1459,Credit Card,59.3,2023-08-23
1460,1460,Bank Transfer,1315.57,2023-11-17
1461,1461,Bank Transfer,1149.08,2023-10-01
1462,1462,Gift Card,1615.92,2025-01-29
1463,1463,Gift Card,604.44,2024-11-13
1464,1464,Bank Transfer,1942.84,2024-07-23
1465,1465,Gift Card,507.93,2025-04-02
1466,1466,PayPal,103.45,2024-11-07
1467,1467,PayPal,1841.81,2024-06-12
1468,1468,PayPal,1997.29,2023-12-01
1469,1469,Gift Card,1367.99,2024-07-08
1470,1470,Bank Transfer,555.2,2023-05-31
1471,1471,PayPal,1807.03,2025-02-16
1472,1472,PayPal,1724.51,2024-02-23
1473,1473,Gift Card,1230.65,2024-08-27
1474,1474,Gift Card,868.37,2023-11-17
1475,1475,Bank Transfer,826.82,2024-04-24
1476,1476,Gift Card,660.48,2025-01-13
1477,1477,Credit Card,877.25,2024-07-29
1478,1478,Bank Transfer,332.04,2025-02-13
1479,1479,Credit Card,1642.18,2025-01-22
1480,1480,Gift Card,1863.47,2024-06-07
1481,1481,Gift Card,636.35,2023-07-08
1482,1482,PayPal,1731.7,2024-10-10
1483,1483,Credit Card,985.16,2023-09-07
1484,1484,Credit Card,891.76,2024-07-30
1485,1485,Gift Card,1079.66,2023-08-23
1486,1486,Bank Transfer,68.08,2024-01-15
1487,1487,PayPal,906.74,2024-11-29
1488,1488,Gift Card,1906.45,2024-03-16
1489,1489,Credit Card,1538.33,2024-12-01
1490,1490,Bank Transfer,1929.87,2024-01-09
1491,1491,PayPal,392.65,2024-10-20
1492,1492,Bank Transfer,1017.78,2024-12-07
1493,1493,Bank Transfer,1221.14,2024-04-02
1494,1494,PayPal,856.05,2025-01-19
1495,1495,Gift Card,492.61,2025-01-27
1496,1496,Credit Card,1566.64,2024-08-11
1497,1497,Gift Card,523.6,2024-03-30
1498,1498,Credit Card,814.83,2024-01-27
1499,1499,Gift Card,768.71,2025-03-31
1500,1500,Bank Transfer,270.3,2024-05-14
1501,1501,Bank Transfer,1270.73,2024-08-13
1502,1502,PayPal,1543.15,2025-03-04
1503,1503,Gift Card,679.65,2025-02-14
1504,1504,PayPal,585.49,2023-08-16
1505,1505,Bank Transfer,225.71,2023-09-08
1506,1506,Gift Card,1268.92,2024-09-17
1507,1507,Gift Card,1211.26,2025-02-21
1508,1508,Bank Transfer,700.58,2023-10-21
1509,1509,PayPal,1851.45,2024-04-01
1510,1510,Gift Card,28.22,2024-01-26
1511,1511,PayPal,1864.51,2024-06-14
1512,1512,Gift Card,856.74,2025-01-14
1513,1513,PayPal,1712.6,2024-10-20
1514,1514,Credit Card,245.64,2024-05-09
1515,1515,PayPal,312.79,2023-11-23
1516,1516,Gift Card,370.28,2024-08-14
1517,1517,Gift Card,1526.45,2024-02-27
1518,1518,PayPal,909.33,2024-08-20
1519,1519,PayPal,1929.02,2023-07-27
1520,1520,Credit Card,961.95,2024-01-10
1521,1521,Bank Transfer,1316.72,2023-12-07
1522,1522,Bank Transfer,628.13,2023-12-15
1523,1523,Bank Transfer,277.33,2024-01-23
1524,1524,Credit Card,638.85,2023-07-27
1525,1525,Bank Transfer,143.99,2024-09-07
1526,1526,Bank Transfer,65.22,2023-10-30
1527,1527,Gift Card,167.34,2025-01-16
1528,1528,Credit Card,569.05,2024-09-10
1529,1529,Credit Card,1967.15,2023-06-23
1530,1530,Credit Card,193.68,2024-08-29
1531,1531,PayPal,1822.33,2025-01-09
1532,1532,Bank Transfer,1705.06,2025-03-15
1533,1533,Bank Transfer,1632.42,2023-05-29
1534,1534,PayPal,509.89,2023-07-17
1535,1535,PayPal,1595.8,2023-08-15
1536,1536,Gift Card,1282.44,2025-01-21
1537,1537,Credit Card,1986.81,2025-01-17
1538,1538,PayPal,22.18,2024-02-25
1539,1539,Credit Card,1809.83,2023-07-26
1540,1540,Bank Transfer,1078.33,2025-01-08
1541,1541,Gift Card,225.61,2023-10-26
1542,1542,Bank Transfer,1181.73,2024-08-16
1543,1543,Credit Card,1964.14,2023-10-03
1544,1544,Gift Card,967.59,2024-11-30
1545,1545,PayPal,994.12,2024-06-20
1546,1546,PayPal,1122.07,2025-01-15
1547,1547,Credit Card,399.81,2025-02-01
1548,1548,Bank Transfer,167.47,2024-03-12
1549,1549,Gift Card,1159.9,2025-04-29
1550,1550,Bank Transfer,1766.13,2024-11-04
1551,1551,Bank Transfer,723.15,2023-08-27
1552,1552,PayPal,1862.14,2024-10-17
1553,1553,Gift Card,1795.56,2024-12-03
1554,1554,Bank Transfer,1862.66,2024-02-13
1555,1555,Credit Card,553.66,2025-01-07
1556,1556,Gift Card,278.47,2024-11-02
1557,1557,Gift Card,1439.37,2025-03-11
1558,1558,PayPal,1587.13,2023-08-22
1559,1559,PayPal,1706.96,2024-07-28
1560,1560,Bank Transfer,1280.8,2023-09-18
1561,1561,Credit Card,855.73,2024-01-15
1562,1562,Bank Transfer,303.08,2025-01-08
1563,1563,Bank Transfer,230.71,2025-01-27
1564,1564,Gift Card,337.6,2024-06-29
1565,1565,PayPal,415.74,2024-06-18
1566,1566,Bank Transfer,509.94,2024-09-12
1567,1567,Gift Card,1473.48,2024-05-15
1568,1568,PayPal,1770.15,2023-08-29
1569,1569,Gift Card,690.88,2024-02-28
1570,1570,Credit Card,865.87,2024-12-06
1571,1571,Credit Card,1395.9,2024-08-02
1572,1572,Credit Card,1461.7,2025-01-12
1573,1573,PayPal,1734.13,2024-11-30
1574,1574,PayPal,1069.26,2024-03-30
1575,1575,Gift Card,927.8,2023-06-13
1576,1576,Credit Card,707.21,2023-09-29
1577,1577,PayPal,1639.81,2023-09-09
1578,1578,Gift Card,345.92,2024-08-13
1579,1579,Gift Card,1966.97,2023-12-25
1580,1580,Credit Card,1896.5,2023-07-22
1581,1581,Credit Card,357.91,2023-09-02
1582,1582,Gift Card,264.55,2023-10-10
1583,1583,PayPal,1346.78,2023-06-29
1584,1584,PayPal,1392.49,2024-01-03
1585,1585,PayPal,472.8,2024-01-20
1586,1586,PayPal,655.35,2025-01-03
1587,1587,Bank Transfer,513.9,2023-06-16
1588,1588,Credit Card,1595.86,2024-06-21
1589,1589,Credit Card,1960.1,2024-12-12
1590,1590,Bank Transfer,544.03,2023-07-11
1591,1591,Credit Card,72.56,2024-04-26
1592,1592,Gift Card,1889.7,2024-01-15
1593,1593,Credit Card,516.38,2024-02-19
1594,1594,Bank Transfer,1309.11,2023-08-05
1595,1595,Gift Card,577.56,2024-02-02
1596,1596,PayPal,939.78,2025-03-24
1597,1597,Credit Card,1482.14,2024-11-12
1598,1598,Bank Transfer,1741.04,2024-01-01
1599,1599,PayPal,1692.56,2024-01-21
1600,1600,Credit Card,162.64,2025-04-11
1601,1601,Credit Card,288.49,2025-01-07
1602,1602,Bank Transfer,395.16,2024-08-20
1603,1603,PayPal,1869.96,2024-08-11
1604,1604,Credit Card,1969.6,2025-03-12
1605,1605,Gift Card,578.08,2023-11-01
1606,1606,Bank Transfer,1079.16,2025-04-04
1607,1607,PayPal,1533.05,2023-07-18
1608,1608,Credit Card,1464.63,2024-08-03
1609,1609,Gift Card,987.59,2024-11-08
1610,1610,PayPal,1880.77,2024-11-18
1611,1611,Gift Card,1469.55,2024-06-10
1612,1612,Bank Transfer,1966.75,2025-03-07
1613,1613,Credit Card,906.99,2025-03-17
1614,1614,Credit Card,1803.33,2024-01-20
1615,1615,PayPal,802.31,2023-10-11
1616,1616,Bank Transfer,420.5,2023-09-19
1617,1617,Credit Card,1332.35,2025-03-23
1618,1618,Gift Card,1293.68,2023-06-17
1619,1619,Bank Transfer,1360.25,2024-03-07
1620,1620,Bank Transfer,341.05,2024-02-14
1621,1621,Gift Card,347.74,2024-11-18
1622,1622,PayPal,391.34,2025-04-25
1623,1623,Credit Card,1666.88,2023-11-27
1624,1624,Credit Card,1082.4,2024-12-25
1625,1625,Credit Card,1373.32,2024-12-19
1626,1626,Bank Transfer,1641.1,2024-10-20
1627,1627,PayPal,1796.5,2023-12-11
1628,1628,PayPal,713.72,2023-10-12
1629,1629,PayPal,35.11,2024-08-03
1630,1630,PayPal,1090.37,2025-03-31
1631,1631,Credit Card,1604.38,2023-11-08
1632,1632,PayPal,143.87,2024-05-28
1633,1633,PayPal,1570.24,2025-03-12
1634,1634,PayPal,1925.01,2023-08-06
1635,1635,PayPal,1655.14,2024-07-19
1636,1636,PayPal,517.31,2024-02-03
1637,1637,Bank Transfer,1432.37,2024-06-09
1638,1638,Gift Card,396.78,2024-10-12
1639,1639,Credit Card,779.36,2025-03-15
1640,1640,Gift Card,1988.72,2024-10-05
1641,1641,PayPal,1957.93,2024-06-07
1642,1642,PayPal,656.75,2025-03-31
1643,1643,Credit Card,1095.18,2024-03-14
1644,1644,Credit Card,1661.19,2025-05-21
1645,1645,PayPal,540.86,2023-07-07
1646,1646,Bank Transfer,1788.65,2023-07-17
1647,1647,Bank Transfer,668.74,2024-09-23
1648,1648,Gift Card,466.74,2024-03-19
1649,1649,PayPal,618.11,2025-05-09
1650,1650,Credit Card,81.17,2024-12-14
1651,1651,PayPal,1842.46,2023-06-05
1652,1652,Gift Card,1403.01,2024-12-15
1653,1653,Gift Card,1272.39,2024-09-14
1654,1654,Credit Card,216.64,2024-04-19
1655,1655,PayPal,147.56,2025-04-13
1656,1656,Bank Transfer,1746.45,2024-05-14
1657,1657,Credit Card,886.68,2024-04-06
1658,1658,PayPal,1015.26,2024-07-25
1659,1659,Gift Card,1033.24,2024-11-11
1660,1660,Credit Card,143.25,2024-09-08
1661,1661,Credit Card,855.72,2024-01-17
1662,1662,PayPal,1977.91,2023-06-21
1663,1663,PayPal,564.92,2024-09-24
1664,1664,Credit Card,516.24,2024-02-27
1665,1665,PayPal,1343.35,2023-08-17
1666,1666,Gift Card,725.33,2024-08-13
1667,1667,Credit Card,531.16,2024-05-04
1668,1668,Gift Card,116.44,2025-01-14
1669,1669,PayPal,1068.16,2025-05-06
1670,1670,PayPal,1640.7,2024-06-27
1671,1671,Bank Transfer,1759.23,2024-12-14
1672,1672,Bank Transfer,1379.98,2023-11-04
1673,1673,Gift Card,955.47,2023-06-27
1674,1674,PayPal,1242.89,2025-05-01
1675,1675,PayPal,906.17,2024-11-09
1676,1676,Gift Card,1570.71,2024-09-21
1677,1677,Gift Card,223.23,2025-03-05
1678,1678,PayPal,1287.16,2024-06-21
1679,1679,Gift Card,1305.31,2024-12-23
1680,1680,Bank Transfer,1821.59,2024-01-11
1681,1681,Bank Transfer,1454.79,2024-06-30
1682,1682,Bank Transfer,647.79,2024-02-03
1683,1683,PayPal,1290.86,2024-06-23
1684,1684,Credit Card,255.43,2024-11-17
1685,1685,PayPal,1077.9,2025-02-15
1686,1686,Gift Card,1921.09,2024-05-28
1687,1687,Bank Transfer,1029.86,2025-02-14
1688,1688,Gift Card,518.36,2024-11-12
1689,1689,Gift Card,1082.34,2023-06-06
1690,1690,Credit Card,778.13,2024-06-06
1691,1691,Credit Card,1247.98,2023-09-20
1692,1692,PayPal,1162.77,2023-06-13
1693,1693,Credit Card,1976.46,2024-03-30
1694,1694,PayPal,1060.11,2025-03-13
1695,1695,Credit Card,1555.06,2024-02-20
1696,1696,Gift Card,1770.75,2024-07-25
1697,1697,Gift Card,1531.03,2024-12-14
1698,1698,PayPal,1201.71,2024-07-11
1699,1699,Credit Card,619.09,2024-09-16
1700,1700,PayPal,1970.71,2025-02-02
1701,1701,PayPal,967.67,2024-08-16
1702,1702,PayPal,1409.12,2025-02-13
1703,1703,PayPal,1676.65,2025-03-30
1704,1704,Credit Card,218.26,2024-08-04
1705,1705,Credit Card,1681.09,2024-05-05
1706,1706,PayPal,1365.24,2023-07-13
1707,1707,Credit Card,515.05,2024-04-02
1708,1708,Bank Transfer,472.78,2023-08-09
1709,1709,Credit Card,1622.35,2023-08-22
1710,1710,Bank Transfer,1725.08,2024-06-12
1711,1711,Bank Transfer,1973.13,2024-10-27
1712,1712,Bank Transfer,1085.49,2024-01-20
1713,1713,PayPal,1927.38,2025-03-03
1714,1714,PayPal,1423.84,2025-01-17
1715,1715,Credit Card,358.31,2024-03-29
1716,1716,Gift Card,273.08,2024-04-19
1717,1717,Gift Card,415.43,2025-01-28
1718,1718,PayPal,1117.93,2023-10-02
1719,1719,PayPal,460.5,2024-07-19
1720,1720,PayPal,904.57,2024-11-22
1721,1721,Credit Card,1047.71,2024-01-26
1722,1722,PayPal,484.15,2024-03-29
1723,1723,Gift Card,1586.77,2024-02-20
1724,1724,Credit Card,310.39,2024-11-12
1725,1725,Gift Card,234.33,2025-04-07
1726,1726,Credit Card,1295.68,2023-07-01
1727,1727,Bank Transfer,1103.91,2024-01-11
1728,1728,Gift Card,69.87,2024-01-01
1729,1729,PayPal,1840.7,2024-12-23
1730,1730,Bank Transfer,322.66,2024-02-23
1731,1731,Bank Transfer,1764.31,2023-09-05
1732,1732,Credit Card,428.08,2023-06-09
1733,1733,Credit Card,353.08,2025-05-18
1734,1734,Credit Card,1735.2,2025-03-26
1735,1735,Credit Card,1849.07,2025-01-15
1736,1736,Credit Card,1426.26,2023-06-02
1737,1737,Credit Card,1118.52,2023-10-29
1738,1738,Credit Card,432.06,2023-05-31
1739,1739,Bank Transfer,299.95,2023-08-01
1740,1740,PayPal,99.12,2024-04-14
1741,1741,Credit Card,242.78,2024-09-10
1742,1742,Credit Card,378.38,2024-10-23
1743,1743,PayPal,359.7,2024-02-25
1744,1744,Gift Card,14.2,2024-10-10
1745,1745,Credit Card,135.43,2024-12-10
1746,1746,Gift Card,1048.82,2024-06-01
1747,1747,Bank Transfer,928.01,2025-05-21
1748,1748,Credit Card,765.01,2023-06-20
1749,1749,Credit Card,100.17,2024-09-09
1750,1750,PayPal,69.3,2024-04-03
1751,1751,Bank Transfer,1684.14,2024-05-24
1752,1752,Bank Transfer,1197.76,2024-09-05
1753,1753,Gift Card,1736.99,2023-12-13
1754,1754,Credit Card,1839.91,2024-12-16
1755,1755,Bank Transfer,1356.7,2025-04-01
1756,1756,Bank Transfer,1432.58,2024-01-05
1757,1757,Bank Transfer,252.19,2023-07-23
1758,1758,PayPal,1100.0,2023-10-19
1759,1759,Credit Card,1637.48,2024-01-19
1760,1760,PayPal,386.81,2024-11-01
1761,1761,Gift Card,773.59,2025-05-24
1762,1762,Bank Transfer,194.95,2023-11-06
1763,1763,Gift Card,132.81,2024-04-07
1764,1764,Credit Card,1451.77,2024-01-07
1765,1765,PayPal,1796.5,2023-08-14
1766,1766,PayPal,585.83,2023-11-29
1767,1767,Bank Transfer,645.46,2024-10-21
1768,1768,Credit Card,495.5,2025-03-29
1769,1769,Bank Transfer,1887.38,2023-11-23
1770,1770,Gift Card,1183.37,2024-09-09
1771,1771,Gift Card,1512.68,2024-06-14
1772,1772,Credit Card,1574.48,2024-03-18
1773,1773,Gift Card,559.96,2024-11-07
1774,1774,Gift Card,1568.25,2025-02-23
1775,1775,Credit Card,1535.2,2023-09-06
1776,1776,Credit Card,1105.16,2024-05-19
1777,1777,Credit Card,285.12,2025-01-21
1778,1778,Credit Card,636.58,2024-02-09
1779,1779,Bank Transfer,823.25,2025-03-22
1780,1780,PayPal,1965.06,2025-05-09
1781,1781,Gift Card,639.62,2024-02-01
1782,1782,Bank Transfer,1355.8,2023-10-07
1783,1783,Bank Transfer,204.34,2024-12-24
1784,1784,Credit Card,17.26,2024-08-17
1785,1785,Bank Transfer,1469.34,2023-09-13
1786,1786,Bank Transfer,1989.22,2024-04-14
1787,1787,PayPal,919.52,2025-04-20
1788,1788,Gift Card,1505.68,2024-12-04
1789,1789,Gift Card,1832.84,2024-03-24
1790,1790,Credit Card,16.98,2023-12-04
1791,1791,PayPal,1636.57,2025-04-22
1792,1792,Gift Card,565.11,2024-07-04
1793,1793,PayPal,665.55,2023-10-04
1794,1794,Bank Transfer,1486.97,2024-09-18
1795,1795,PayPal,764.59,2023-10-18
1796,1796,Bank Transfer,1669.84,2023-11-29
1797,1797,Bank Transfer,669.5,2025-01-19
1798,1798,Credit Card,1806.85,2023-07-01
1799,1799,Bank Transfer,101.69,2024-05-08
1800,1800,Bank Transfer,871.37,2024-03-13
1801,1801,PayPal,1794.8,2024-03-01
1802,1802,Gift Card,785.97,2023-07-30
1803,1803,Credit Card,544.66,2023-12-14
1804,1804,Credit Card,156.91,2025-02-25
1805,1805,Gift Card,1810.92,2025-05-25
1806,1806,Credit Card,792.04,2024-06-02
1807,1807,Gift Card,748.23,2024-10-03
1808,1808,PayPal,1736.33,2023-07-17
1809,1809,PayPal,1420.83,2023-08-23
1810,1810,Gift Card,1411.12,2024-11-15
1811,1811,Gift Card,1784.7,2023-06-12
1812,1812,Bank Transfer,1885.77,2023-05-31
1813,1813,Credit Card,1973.7,2024-03-04
1814,1814,PayPal,13.16,2024-07-10
1815,1815,PayPal,899.57,2024-03-29
1816,1816,Credit Card,654.62,2024-12-01
1817,1817,Credit Card,803.66,2023-08-19
1818,1818,Bank Transfer,1637.71,2025-04-02
1819,1819,Credit Card,1833.45,2024-03-28
1820,1820,Credit Card,545.04,2023-12-22
1821,1821,Gift Card,1241.04,2025-05-24
1822,1822,Bank Transfer,93.5,2024-01-07
1823,1823,Credit Card,1234.2,2024-06-26
1824,1824,Credit Card,740.9,2024-04-07
1825,1825,Bank Transfer,1127.78,2024-08-15
1826,1826,Bank Transfer,397.35,2023-07-18
1827,1827,PayPal,845.18,2023-10-17
1828,1828,Gift Card,412.58,2024-09-06
1829,1829,Gift Card,1112.38,2024-01-07
1830,1830,PayPal,762.06,2024-05-23
1831,1831,PayPal,1453.98,2025-04-06
1832,1832,Gift Card,1133.56,2023-08-30
1833,1833,PayPal,816.46,2023-09-24
1834,1834,Credit Card,782.94,2024-04-20
1835,1835,Gift Card,923.64,2024-03-06
1836,1836,Bank Transfer,40.7,2023-10-28
1837,1837,PayPal,475.82,2023-08-02
1838,1838,PayPal,872.56,2023-08-31
1839,1839,Credit Card,1115.29,2024-03-22
1840,1840,PayPal,1796.44,2023-06-27
1841,1841,Gift Card,1135.85,2025-03-09
1842,1842,Bank Transfer,950.23,2024-07-13
1843,1843,PayPal,1990.06,2024-10-11
1844,1844,Bank Transfer,1324.22,2024-12-19
1845,1845,Gift Card,975.74,2023-10-11
1846,1846,Bank Transfer,1232.59,2025-03-31
1847,1847,PayPal,734.53,2023-12-04
1848,1848,Credit Card,748.28,2024-06-08
1849,1849,PayPal,1186.81,2024-01-24
1850,1850,Gift Card,369.41,2024-01-21
1851,1851,PayPal,912.53,2025-03-25
1852,1852,Bank Transfer,164.29,2024-08-10
1853,1853,Gift Card,914.4,2024-04-09
1854,1854,PayPal,760.34,2024-06-24
1855,1855,Credit Card,1389.49,2024-08-27
1856,1856,Bank Transfer,481.13,2024-03-18
1857,1857,Bank Transfer,54.33,2024-05-31
1858,1858,Credit Card,183.08,2024-09-03
1859,1859,Gift Card,868.91,2024-08-15
1860,1860,Credit Card,1406.07,2023-07-22
1861,1861,Gift Card,1976.62,2025-01-15
1862,1862,Bank Transfer,914.56,2024-05-16
1863,1863,Gift Card,1927.15,2024-03-25
1864,1864,PayPal,1048.73,2024-02-23
1865,1865,Bank Transfer,1122.54,2023-12-20
1866,1866,Bank Transfer,1746.64,2023-10-24
1867,1867,Bank Transfer,766.48,2023-07-02
1868,1868,Credit Card,612.42,2024-08-22
1869,1869,PayPal,166.53,2025-02-14
1870,1870,Gift Card,1711.01,2023-11-08
1871,1871,PayPal,1524.49,2024-01-08
1872,1872,Bank Transfer,1960.99,2024-09-26
1873,1873,Bank Transfer,1147.56,2024-11-25
1874,1874,PayPal,1869.7,2024-05-16
1875,1875,Bank Transfer,1882.08,2023-12-20
1876,1876,PayPal,1570.09,2023-07-12
1877,1877,Credit Card,728.8,2024-01-28
1878,1878,Credit Card,1025.89,2023-12-19
1879,1879,Gift Card,1943.32,2023-12-30
1880,1880,Gift Card,244.38,2024-08-21
1881,1881,Bank Transfer,978.45,2024-09-20
1882,1882,Gift Card,588.67,2025-04-03
1883,1883,Bank Transfer,189.52,2024-08-16
1884,1884,Bank Transfer,1498.43,2024-12-04
1885,1885,Credit Card,981.67,2024-11-09
1886,1886,PayPal,776.34,2024-06-06
1887,1887,Credit Card,377.91,2023-07-18
1888,1888,Bank Transfer,158.51,2023-08-28
1889,1889,PayPal,1088.2,2023-06-27
1890,1890,PayPal,1596.5,2024-06-21
1891,1891,Bank Transfer,1293.51,2025-05-06
1892,1892,Bank Transfer,297.86,2023-05-28
1893,1893,PayPal,192.89,2024-03-30
1894,1894,Gift Card,1428.41,2023-08-31
1895,1895,Credit Card,811.6,2024-04-20
1896,1896,Bank Transfer,284.16,2024-11-24
1897,1897,Credit Card,539.88,2023-08-19
1898,1898,Bank Transfer,333.81,2024-09-18
1899,1899,Credit Card,1210.29,2023-09-05
1900,1900,Bank Transfer,960.28,2024-01-28
1901,1901,PayPal,1029.33,2024-06-01
1902,1902,PayPal,158.15,2024-03-11
1903,1903,PayPal,116.26,2023-11-03
1904,1904,PayPal,1417.19,2023-08-16
1905,1905,Bank Transfer,1991.45,2024-04-20
1906,1906,PayPal,1768.92,2024-10-21
1907,1907,Bank Transfer,1444.8,2023-12-07
1908,1908,Bank Transfer,739.22,2024-06-06
1909,1909,Credit Card,1833.33,2025-01-17
1910,1910,Gift Card,219.42,2025-05-13
1911,1911,PayPal,1111.57,2024-05-04
1912,1912,PayPal,1365.22,2024-11-29
1913,1913,Credit Card,751.97,2024-03-02
1914,1914,Credit Card,1668.54,2023-12-22
1915,1915,Credit Card,100.29,2025-02-28
1916,1916,Gift Card,875.88,2023-10-24
1917,1917,Gift Card,1016.54,2024-11-12
1918,1918,Credit Card,15.74,2024-07-03
1919,1919,Credit Card,1160.18,2025-02-04
1920,1920,PayPal,261.39,2024-03-11
1921,1921,PayPal,1740.59,2023-12-28
1922,1922,Credit Card,998.92,2024-01-24
1923,1923,PayPal,10.12,2023-06-16
1924,1924,Gift Card,1153.3,2023-08-02
1925,1925,PayPal,1876.81,2024-09-23
1926,1926,PayPal,109.06,2024-10-17
1927,1927,Gift Card,1267.92,2024-08-04
1928,1928,Bank Transfer,446.92,2024-06-01
1929,1929,PayPal,1411.21,2024-05-16
1930,1930,Credit Card,690.92,2023-09-25
1931,1931,Gift Card,557.47,2024-09-16
1932,1932,Credit Card,115.15,2024-01-14
1933,1933,Credit Card,351.64,2023-10-11
1934,1934,Credit Card,1656.29,2023-10-13
1935,1935,Gift Card,564.11,2024-07-26
1936,1936,Bank Transfer,1730.39,2024-11-15
1937,1937,Gift Card,1983.84,2023-09-02
1938,1938,Credit Card,1011.17,2024-09-03
1939,1939,Gift Card,1839.89,2023-09-09
1940,1940,Gift Card,1225.94,2024-04-11
1941,1941,Credit Card,1775.97,2024-01-13
1942,1942,Credit Card,1772.1,2024-09-15
1943,1943,PayPal,567.2,2024-04-17
1944,1944,PayPal,126.24,2024-05-13
1945,1945,Credit Card,976.09,2025-03-10
1946,1946,Credit Card,1307.38,2024-09-11
1947,1947,Credit Card,1825.7,2024-02-13
1948,1948,Bank Transfer,1038.25,2024-06-10
1949,1949,Gift Card,330.23,2025-03-22
1950,1950,Credit Card,531.02,2023-10-15
1951,1951,PayPal,910.72,2025-01-18
1952,1952,Credit Card,189.28,2023-08-26
1953,1953,PayPal,1987.43,2025-05-10
1954,1954,Gift Card,154.25,2024-09-07
1955,1955,Bank Transfer,1883.78,2024-03-07
1956,1956,Gift Card,1089.07,2023-08-25
1957,1957,Gift Card,1863.15,2024-06-12
1958,1958,Bank Transfer,1547.13,2025-04-17
1959,1959,Bank Transfer,22.43,2025-04-29
1960,1960,Credit Card,141.16,2023-10-13
1961,1961,Gift Card,1574.74,2023-10-14
1962,1962,Credit Card,1886.51,2025-04-12
1963,1963,PayPal,1286.55,2025-01-27
1964,1964,Gift Card,1508.59,2023-08-31
1965,1965,Bank Transfer,127.41,2023-08-28
1966,1966,Bank Transfer,241.18,2023-05-30
1967,1967,PayPal,749.88,2023-08-04
1968,1968,Credit Card,12.04,2023-08-19
1969,1969,Credit Card,364.22,2023-10-27
1970,1970,Bank Transfer,933.01,2023-11-23
1971,1971,Credit Card,1616.45,2024-11-14
1972,1972,Credit Card,1962.3,2024-01-16
1973,1973,Bank Transfer,1317.31,2024-05-30
1974,1974,Credit Card,636.82,2023-07-06
1975,1975,Bank Transfer,860.53,2023-10-13
1976,1976,PayPal,1497.59,2025-05-21
1977,1977,PayPal,96.8,2024-09-18
1978,1978,Gift Card,731.83,2025-01-12
1979,1979,Gift Card,1894.54,2024-07-06
1980,1980,Bank Transfer,1725.77,2024-06-04
1981,1981,Credit Card,886.77,2024-05-11
1982,1982,PayPal,1643.42,2024-09-28
1983,1983,Gift Card,280.97,2025-02-01
1984,1984,PayPal,97.26,2024-06-04
1985,1985,PayPal,930.13,2025-04-23
1986,1986,PayPal,1621.23,2023-12-27
1987,1987,PayPal,1191.36,2023-10-17
1988,1988,PayPal,1364.17,2024-10-19
1989,1989,Credit Card,19.16,2025-03-13
1990,1990,PayPal,972.9,2024-02-08
1991,1991,Gift Card,1813.04,2023-11-08
1992,1992,Bank Transfer,1661.65,2024-11-25
1993,1993,Bank Transfer,1310.76,2024-07-18
1994,1994,Bank Transfer,1755.74,2023-06-04
1995,1995,Gift Card,1152.26,2025-04-11
1996,1996,Credit Card,631.39,2024-01-04
1997,1997,Credit Card,1425.64,2025-04-11
1998,1998,Bank Transfer,1401.26,2024-04-29
1999,1999,Credit Card,461.74,2025-04-04
2000,2000,Bank Transfer,1295.26,2024-07-12
